index,cluster
0,1
1,1
2,1
3,2
4,1
5,1
6,2
7,1
8,1
9,2
10,1
11,1
12,2
13,1
14,0
15,2
16,1
17,1
18,0
19,1
20,1
21,2
22,1
23,1
24,1
25,0
26,1
27,2
28,2
29,2
30,1
31,0
32,1
33,0
34,1
35,1
36,1
37,1
38,0
39,2
40,1
41,1
42,0
43,1
44,0
45,0
46,1
47,1
48,1
49,1
50,0
51,2
52,1
53,2
54,1
55,1
56,2
57,1
58,0
59,1
60,0
61,1
62,2
63,0
64,1
65,1
66,1
67,1
68,2
69,1
70,0
71,0
72,1
73,1
74,1
75,1
76,1
77,1
78,2
79,1
80,2
81,1
82,2
83,1
84,1
85,1
86,0
87,0
88,1
89,1
90,1
91,2
92,0
93,2
94,1
95,2
96,1
97,0
98,1
99,1
100,2
101,0
102,2
103,1
104,2
105,1
106,1
107,1
108,1
109,2
110,1
111,1
112,2
113,0
114,1
115,0
116,0
117,2
118,1
119,2
120,1
121,1
122,1
123,0
124,0
125,0
126,0
127,0
128,2
129,1
130,2
131,0
132,2
133,1
134,0
135,1
136,1
137,2
138,1
139,2
140,2
141,2
142,1
143,1
144,1
145,0
146,0
147,2
148,1
149,1
150,1
151,2
152,2
153,0
154,1
155,1
156,0
157,1
158,1
159,2
160,1
161,2
162,0
163,2
164,0
165,1
166,2
167,1
168,2
169,1
170,1
171,0
172,2
173,1
174,1
175,1
176,1
177,0
178,1
179,1
180,0
181,1
182,2
183,1
184,0
185,1
186,2
187,1
188,0
189,2
190,2
191,0
192,2
193,2
194,1
195,1
196,1
197,1
198,1
199,2
200,2
201,2
202,0
203,0
204,2
205,1
206,0
207,0
208,1
209,1
210,1
211,0
212,1
213,1
214,2
215,1
216,2
217,2
218,0
219,2
220,1
221,2
222,1
223,1
224,1
225,2
226,1
227,2
228,0
229,2
230,1
231,1
232,2
233,1
234,2
235,1
236,0
237,1
238,2
239,1
240,1
241,1
242,2
243,1
244,2
245,0
246,1
247,0
248,2
249,0
250,1
251,1
252,0
253,2
254,2
255,2
256,2
257,1
258,1
259,1
260,0
261,1
262,0
263,0
264,0
265,1
266,1
267,1
268,2
269,1
270,1
271,2
272,1
273,2
274,0
275,1
276,1
277,0
278,2
279,0
280,1
281,1
282,1
283,2
284,2
285,0
286,0
287,1
288,1
289,0
290,1
291,0
292,2
293,1
294,1
295,2
296,1
297,0
298,1
299,0
300,0
301,2
302,2
303,1
304,0
305,1
306,1
307,1
308,2
309,1
310,0
311,1
312,1
313,2
314,2
315,1
316,1
317,2
318,0
319,0
320,0
321,1
322,0
323,0
324,1
325,1
326,0
327,1
328,2
329,2
330,2
331,2
332,0
333,1
334,1
335,2
336,2
337,0
338,1
339,1
340,0
341,1
342,0
343,1
344,0
345,0
346,2
347,2
348,0
349,1
350,1
351,0
352,2
353,1
354,2
355,0
356,0
357,0
358,0
359,2
360,1
361,1
362,2
363,2
364,1
365,2
366,2
367,2
368,2
369,1
370,2
371,2
372,0
373,2
374,2
375,1
376,1
377,1
378,1
379,2
380,0
381,1
382,1
383,2
384,1
385,2
386,0
387,2
388,1
389,2
390,1
391,2
392,1
393,0
394,1
395,2
396,0
397,0
398,0
399,0
400,0
401,1
402,2
403,1
404,1
405,0
406,2
407,2
408,1
409,0
410,1
411,2
412,0
413,0
414,2
415,0
416,1
417,1
418,0
419,0
420,0
421,2
422,2
423,0
424,0
425,1
426,1
427,2
428,2
429,1
430,2
431,2
432,1
433,1
434,1
435,1
436,1
437,1
438,2
439,0
440,2
441,1
442,1
443,1
444,2
445,2
446,1
447,1
448,0
449,1
450,2
451,2
452,2
453,1
454,1
455,0
456,1
457,0
458,0
459,1
460,1
461,2
462,2
463,1
464,0
465,1
466,2
467,1
468,0
469,2
470,1
471,1
472,2
473,2
474,1
475,2
476,0
477,2
478,2
479,0
480,2
481,2
482,2
483,1
484,1
485,1
486,0
487,1
488,2
489,1
490,2
491,1
492,1
493,1
494,1
495,1
496,2
497,1
498,2
499,2
500,2
501,1
502,2
503,1
504,1
505,1
506,2
507,0
508,1
509,2
510,2
511,0
512,2
513,1
514,2
515,1
516,2
517,1
518,0
519,0
520,0
521,0
522,1
523,2
524,2
525,2
526,1
527,2
528,2
529,2
530,0
531,0
532,1
533,1
534,0
535,0
536,2
537,0
538,1
539,0
540,2
541,0
542,1
543,2
544,0
545,1
546,0
547,2
548,0
549,2
550,1
551,1
552,1
553,0
554,1
555,2
556,1
557,1
558,1
559,0
560,1
561,1
562,1
563,1
564,2
565,1
566,2
567,0
568,1
569,1
570,1
571,1
572,1
573,2
574,0
575,2
576,1
577,2
578,1
579,2
580,2
581,2
582,1
583,1
584,2
585,2
586,1
587,0
588,1
589,1
590,1
591,2
592,1
593,1
594,2
595,1
596,0
597,2
598,0
599,1
600,0
601,1
602,1
603,2
604,0
605,2
606,2
607,1
608,1
609,0
610,2
611,2
612,1
613,1
614,2
615,1
616,1
617,2
618,0
619,1
620,1
621,2
622,0
623,0
624,2
625,0
626,1
627,1
628,1
629,0
630,1
631,2
632,2
633,2
634,2
635,2
636,1
637,1
638,2
639,2
640,1
641,2
642,1
643,1
644,1
645,0
646,1
647,1
648,1
649,0
650,0
651,0
652,2
653,1
654,1
655,2
656,2
657,2
658,1
659,0
660,2
661,1
662,2
663,1
664,0
665,1
666,2
667,0
668,2
669,2
670,0
671,1
672,1
673,1
674,0
675,0
676,2
677,1
678,2
679,1
680,0
681,2
682,1
683,1
684,1
685,2
686,1
687,2
688,2
689,1
690,0
691,0
692,2
693,1
694,0
695,1
696,1
697,2
698,1
699,0
700,0
701,1
702,1
703,0
704,0
705,1
706,0
707,0
708,1
709,2
710,1
711,1
712,2
713,0
714,1
715,2
716,0
717,0
718,0
719,1
720,1
721,0
722,1
723,1
724,0
725,2
726,2
727,1
728,1
729,1
730,2
731,0
732,2
733,2
734,2
735,0
736,1
737,2
738,0
739,2
740,1
741,1
742,1
743,2
744,0
745,1
746,1
747,0
748,1
749,1
750,1
751,2
752,1
753,2
754,2
755,1
756,1
757,1
758,1
759,1
760,1
761,1
762,1
763,0
764,2
765,0
766,2
767,2
768,1
769,2
770,1
771,0
772,0
773,0
774,0
775,1
776,1
777,0
778,0
779,1
780,1
781,1
782,1
783,0
784,1
785,0
786,0
787,1
788,1
789,2
790,1
791,2
792,1
793,1
794,0
795,1
796,0
797,2
798,0
799,2
800,2
801,1
802,1
803,0
804,2
805,0
806,1
807,0
808,0
809,1
810,0
811,0
812,2
813,1
814,1
815,0
816,0
817,1
818,2
819,1
820,1
821,1
822,0
823,1
824,2
825,2
826,1
827,2
828,2
829,2
830,1
831,1
832,2
833,1
834,2
835,0
836,2
837,1
838,1
839,1
840,0
841,1
842,1
843,1
844,0
845,0
846,2
847,0
848,2
849,2
850,0
851,1
852,2
853,1
854,0
855,2
856,1
857,1
858,1
859,1
860,1
861,1
862,1
863,1
864,0
865,2
866,1
867,0
868,1
869,1
870,1
871,1
872,2
873,2
874,1
875,1
876,2
877,1
878,2
879,2
880,2
881,2
882,0
883,0
884,2
885,2
886,0
887,0
888,1
889,0
890,1
891,2
892,2
893,2
894,2
895,1
896,2
897,2
898,2
899,0
900,0
901,2
902,1
903,0
904,2
905,1
906,1
907,0
908,2
909,1
910,1
911,1
912,2
913,2
914,2
915,2
916,1
917,1
918,0
919,2
920,2
921,1
922,0
923,2
924,2
925,1
926,1
927,1
928,2
929,0
930,0
931,1
932,0
933,1
934,1
935,2
936,1
937,0
938,0
939,2
940,2
941,2
942,1
943,2
944,2
945,2
946,1
947,2
948,1
949,2
950,2
951,2
952,0
953,2
954,2
955,0
956,1
957,1
958,2
959,1
960,1
961,1
962,1
963,1
964,1
965,1
966,1
967,2
968,0
969,2
970,0
971,0
972,2
973,0
974,1
975,1
976,0
977,1
978,2
979,1
980,2
981,2
982,1
983,0
984,0
985,1
986,1
987,2
988,2
989,0
990,2
991,1
992,2
993,1
994,0
995,0
996,1
997,1
998,0
999,2
1000,1
1001,0
1002,2
1003,1
1004,2
1005,1
1006,2
1007,0
1008,1
1009,0
1010,0
1011,1
1012,1
1013,2
1014,2
1015,1
1016,1
1017,1
1018,2
1019,2
1020,2
1021,1
1022,2
1023,1
1024,2
1025,1
1026,1
1027,1
1028,2
1029,0
1030,1
1031,0
1032,0
1033,1
1034,0
1035,1
1036,1
1037,0
1038,1
1039,1
1040,1
1041,0
1042,1
1043,1
1044,2
1045,2
1046,2
1047,1
1048,0
1049,0
1050,0
1051,1
1052,1
1053,2
1054,1
1055,2
1056,2
1057,0
1058,0
1059,1
1060,1
1061,0
1062,1
1063,1
1064,1
1065,1
1066,2
1067,0
1068,1
1069,1
1070,1
1071,2
1072,2
1073,0
1074,2
1075,1
1076,2
1077,1
1078,1
1079,2
1080,2
1081,1
1082,1
1083,1
1084,1
1085,2
1086,2
1087,1
1088,0
1089,1
1090,1
1091,1
1092,1
1093,1
1094,2
1095,0
1096,2
1097,0
1098,2
1099,0
1100,1
1101,1
1102,2
1103,0
1104,0
1105,1
1106,1
1107,0
1108,0
1109,2
1110,0
1111,1
1112,2
1113,0
1114,1
1115,2
1116,1
1117,2
1118,2
1119,2
1120,0
1121,1
1122,2
1123,0
1124,1
1125,1
1126,2
1127,1
1128,1
1129,1
1130,2
1131,1
1132,2
1133,2
1134,0
1135,1
1136,2
1137,1
1138,1
1139,0
1140,1
1141,0
1142,0
1143,2
1144,1
1145,1
1146,2
1147,2
1148,1
1149,2
1150,2
1151,0
1152,2
1153,0
1154,1
1155,0
1156,0
1157,1
1158,0
1159,1
1160,2
1161,0
1162,1
1163,2
1164,2
1165,0
1166,1
1167,0
1168,1
1169,0
1170,1
1171,0
1172,1
1173,1
1174,1
1175,1
1176,2
1177,0
1178,0
1179,1
1180,1
1181,1
1182,0
1183,2
1184,0
1185,1
1186,2
1187,2
1188,1
1189,1
1190,0
1191,0
1192,0
1193,0
1194,1
1195,1
1196,1
1197,1
1198,2
1199,1
1200,2
1201,0
1202,0
1203,2
1204,2
1205,1
1206,2
1207,2
1208,0
1209,0
1210,2
1211,1
1212,1
1213,1
1214,2
1215,0
1216,1
1217,1
1218,1
1219,1
1220,0
1221,1
1222,2
1223,2
1224,0
1225,0
1226,2
1227,0
1228,1
1229,1
1230,1
1231,0
1232,1
1233,0
1234,1
1235,1
1236,1
1237,1
1238,1
1239,2
1240,1
1241,1
1242,2
1243,1
1244,2
1245,2
1246,1
1247,0
1248,1
1249,1
1250,1
1251,1
1252,1
1253,1
1254,1
1255,0
1256,2
1257,0
1258,2
1259,1
1260,2
1261,1
1262,1
1263,0
1264,2
1265,2
1266,1
1267,1
1268,1
1269,1
1270,1
1271,2
1272,0
1273,1
1274,1
1275,0
1276,1
1277,2
1278,1
1279,2
1280,1
1281,1
1282,1
1283,1
1284,0
1285,1
1286,2
1287,0
1288,2
1289,0
1290,2
1291,1
1292,1
1293,2
1294,2
1295,2
1296,1
1297,2
1298,2
1299,2
1300,2
1301,1
1302,2
1303,1
1304,1
1305,0
1306,1
1307,1
1308,1
1309,2
1310,2
1311,2
1312,1
1313,0
1314,1
1315,2
1316,1
1317,1
1318,1
1319,1
1320,2
1321,2
1322,0
1323,0
1324,2
1325,2
1326,1
1327,1
1328,1
1329,1
1330,2
1331,2
1332,2
1333,1
1334,2
1335,0
1336,0
1337,0
1338,0
1339,1
1340,1
1341,1
1342,0
1343,2
1344,1
1345,1
1346,0
1347,2
1348,0
1349,2
1350,1
1351,2
1352,2
1353,1
1354,0
1355,1
1356,1
1357,0
1358,2
1359,1
1360,1
1361,1
1362,1
1363,1
1364,2
1365,2
1366,0
1367,2
1368,0
1369,2
1370,1
1371,1
1372,1
1373,1
1374,2
1375,2
1376,2
1377,1
1378,1
1379,0
1380,0
1381,0
1382,0
1383,1
1384,2
1385,1
1386,2
1387,0
1388,0
1389,0
1390,2
1391,1
1392,2
1393,1
1394,0
1395,1
1396,2
1397,1
1398,2
1399,2
1400,1
1401,2
1402,2
1403,2
1404,0
1405,2
1406,0
1407,1
1408,2
1409,1
1410,1
1411,2
1412,2
1413,0
1414,1
1415,2
1416,0
1417,2
1418,1
1419,2
1420,2
1421,1
1422,1
1423,2
1424,1
1425,0
1426,1
1427,1
1428,0
1429,2
1430,2
1431,2
1432,1
1433,1
1434,2
1435,2
1436,0
1437,2
1438,0
1439,0
1440,2
1441,2
1442,1
1443,2
1444,1
1445,2
1446,1
1447,1
1448,1
1449,2
1450,1
1451,2
1452,0
1453,1
1454,0
1455,1
1456,2
1457,1
1458,1
1459,1
1460,0
1461,1
1462,1
1463,1
1464,1
1465,1
1466,1
1467,1
1468,1
1469,1
1470,2
1471,1
1472,1
1473,1
1474,0
1475,1
1476,1
1477,1
1478,0
1479,0
1480,1
1481,1
1482,2
1483,0
1484,2
1485,2
1486,0
1487,2
1488,1
1489,1
1490,1
1491,2
1492,1
1493,1
1494,1
1495,1
1496,2
1497,1
1498,1
1499,1
1500,1
1501,1
1502,1
1503,2
1504,2
1505,1
1506,0
1507,0
1508,1
1509,1
1510,1
1511,1
1512,0
1513,1
1514,0
1515,2
1516,2
1517,0
1518,2
1519,1
1520,0
1521,2
1522,2
1523,1
1524,1
1525,0
1526,2
1527,2
1528,1
1529,1
1530,2
1531,2
1532,1
1533,0
1534,0
1535,0
1536,0
1537,0
1538,1
1539,1
1540,2
1541,2
1542,2
1543,0
1544,1
1545,1
1546,1
1547,1
1548,0
1549,0
1550,0
1551,1
1552,0
1553,2
1554,1
1555,2
1556,0
1557,1
1558,1
1559,1
1560,2
1561,1
1562,1
1563,1
1564,0
1565,0
1566,2
1567,1
1568,2
1569,2
1570,2
1571,1
1572,0
1573,2
1574,0
1575,2
1576,0
1577,0
1578,2
1579,1
1580,0
1581,0
1582,0
1583,2
1584,0
1585,2
1586,0
1587,2
1588,0
1589,1
1590,1
1591,1
1592,2
1593,0
1594,1
1595,2
1596,1
1597,1
1598,0
1599,1
1600,0
1601,2
1602,2
1603,2
1604,0
1605,2
1606,2
1607,1
1608,1
1609,1
1610,2
1611,0
1612,0
1613,2
1614,0
1615,1
1616,0
1617,1
1618,1
1619,1
1620,0
1621,0
1622,0
1623,1
1624,0
1625,1
1626,1
1627,2
1628,2
1629,2
1630,1
1631,0
1632,0
1633,1
1634,2
1635,1
1636,1
1637,0
1638,2
1639,1
1640,1
1641,1
1642,2
1643,2
1644,2
1645,2
1646,2
1647,0
1648,2
1649,0
1650,1
1651,2
1652,1
1653,2
1654,0
1655,0
1656,1
1657,1
1658,2
1659,1
1660,2
1661,1
1662,1
1663,2
1664,1
1665,2
1666,2
1667,1
1668,2
1669,2
1670,2
1671,2
1672,0
1673,1
1674,2
1675,0
1676,2
1677,2
1678,1
1679,0
1680,2
1681,1
1682,0
1683,2
1684,1
1685,1
1686,2
1687,1
1688,0
1689,1
1690,1
1691,1
1692,2
1693,2
1694,1
1695,2
1696,2
1697,2
1698,1
1699,2
1700,2
1701,0
1702,1
1703,1
1704,1
1705,0
1706,0
1707,1
1708,1
1709,0
1710,0
1711,2
1712,1
1713,0
1714,1
1715,1
1716,0
1717,0
1718,2
1719,2
1720,1
1721,2
1722,0
1723,1
1724,1
1725,2
1726,1
1727,1
1728,0
1729,2
1730,2
1731,1
1732,1
1733,1
1734,2
1735,2
1736,2
1737,1
1738,1
1739,2
1740,2
1741,1
1742,2
1743,0
1744,1
1745,1
1746,1
1747,0
1748,1
1749,1
1750,1
1751,1
1752,2
1753,1
1754,2
1755,2
1756,1
1757,2
1758,2
1759,1
1760,1
1761,2
1762,1
1763,1
1764,0
1765,1
1766,2
1767,1
1768,2
1769,1
1770,0
1771,1
1772,0
1773,1
1774,1
1775,1
1776,2
1777,2
1778,0
1779,0
1780,1
1781,0
1782,2
1783,1
1784,2
1785,1
1786,2
1787,2
1788,0
1789,1
1790,1
1791,2
1792,1
1793,1
1794,0
1795,1
1796,1
1797,1
1798,2
1799,2
1800,1
1801,1
1802,0
1803,1
1804,2
1805,1
1806,0
1807,1
1808,2
1809,1
1810,1
1811,0
1812,1
1813,1
1814,1
1815,1
1816,2
1817,2
1818,2
1819,2
1820,2
1821,0
1822,2
1823,2
1824,0
1825,0
1826,2
1827,0
1828,1
1829,2
1830,0
1831,1
1832,2
1833,1
1834,2
1835,1
1836,0
1837,0
1838,1
1839,1
1840,1
1841,1
1842,1
1843,2
1844,2
1845,1
1846,1
1847,1
1848,0
1849,2
1850,2
1851,0
1852,1
1853,2
1854,0
1855,1
1856,1
1857,0
1858,1
1859,0
1860,2
1861,1
1862,1
1863,0
1864,2
1865,0
1866,1
1867,1
1868,0
1869,1
1870,1
1871,2
1872,1
1873,1
1874,1
1875,0
1876,1
1877,1
1878,2
1879,2
1880,2
1881,1
1882,0
1883,1
1884,2
1885,1
1886,1
1887,0
1888,1
1889,2
1890,0
1891,2
1892,1
1893,2
1894,0
1895,2
1896,0
1897,2
1898,2
1899,2
1900,1
1901,0
1902,2
1903,1
1904,2
1905,1
1906,1
1907,0
1908,2
1909,1
1910,1
1911,1
1912,1
1913,1
1914,0
1915,1
1916,1
1917,0
1918,2
1919,1
1920,0
1921,0
1922,2
1923,0
1924,1
1925,2
1926,1
1927,2
1928,0
1929,1
1930,2
1931,2
1932,1
1933,0
1934,0
1935,1
1936,2
1937,0
1938,0
1939,1
1940,2
1941,0
1942,0
1943,2
1944,1
1945,1
1946,2
1947,2
1948,1
1949,2
1950,0
1951,1
1952,1
1953,0
1954,0
1955,1
1956,0
1957,2
1958,0
1959,1
1960,2
1961,1
1962,1
1963,2
1964,2
1965,2
1966,1
1967,1
1968,1
1969,0
1970,0
1971,0
1972,1
1973,1
1974,2
1975,0
1976,1
1977,1
1978,1
1979,1
1980,1
1981,1
1982,1
1983,2
1984,2
1985,1
1986,1
1987,0
1988,1
1989,2
1990,2
1991,1
1992,2
1993,1
1994,1
1995,2
1996,0
1997,2
1998,1
1999,1
2000,0
2001,0
2002,2
2003,2
2004,0
2005,0
2006,0
2007,0
2008,1
2009,0
2010,2
2011,1
2012,1
2013,2
2014,2
2015,2
2016,1
2017,1
2018,2
2019,1
2020,1
2021,1
2022,0
2023,1
2024,2
2025,2
2026,1
2027,1
2028,2
2029,2
2030,1
2031,0
2032,1
2033,1
2034,0
2035,1
2036,2
2037,2
2038,0
2039,0
2040,1
2041,0
2042,0
2043,2
2044,0
2045,2
2046,2
2047,1
2048,2
2049,1
2050,1
2051,2
2052,2
2053,2
2054,2
2055,2
2056,2
2057,1
2058,2
2059,1
2060,0
2061,1
2062,1
2063,2
2064,1
2065,2
2066,0
2067,0
2068,1
2069,0
2070,2
2071,1
2072,0
2073,1
2074,1
2075,1
2076,1
2077,1
2078,1
2079,2
2080,2
2081,2
2082,2
2083,1
2084,2
2085,2
2086,1
2087,2
2088,1
2089,2
2090,2
2091,2
2092,1
2093,2
2094,1
2095,2
2096,2
2097,0
2098,1
2099,2
2100,1
2101,1
2102,0
2103,2
2104,0
2105,0
2106,2
2107,0
2108,1
2109,2
2110,2
2111,2
2112,1
2113,1
2114,1
2115,1
2116,0
2117,0
2118,0
2119,1
2120,2
2121,2
2122,1
2123,1
2124,2
2125,2
2126,1
2127,2
2128,2
2129,1
2130,2
2131,1
2132,1
2133,1
2134,2
2135,2
2136,2
2137,2
2138,1
2139,2
2140,1
2141,1
2142,2
2143,0
2144,0
2145,0
2146,2
2147,1
2148,1
2149,0
2150,0
2151,0
2152,1
2153,0
2154,2
2155,1
2156,0
2157,1
2158,1
2159,1
2160,1
2161,2
2162,1
2163,2
2164,1
2165,1
2166,0
2167,0
2168,2
2169,0
2170,2
2171,2
2172,1
2173,1
2174,2
2175,0
2176,0
2177,1
2178,1
2179,2
2180,2
2181,0
2182,1
2183,2
2184,0
2185,1
2186,0
2187,2
2188,1
2189,0
2190,1
2191,1
2192,1
2193,1
2194,2
2195,2
2196,0
2197,1
2198,1
2199,1
2200,0
2201,0
2202,0
2203,1
2204,2
2205,0
2206,0
2207,0
2208,2
2209,1
2210,1
2211,2
2212,1
2213,0
2214,1
2215,2
2216,2
2217,0
2218,1
2219,2
2220,0
2221,2
2222,0
2223,1
2224,1
2225,2
2226,2
2227,1
2228,0
2229,0
2230,1
2231,1
2232,2
2233,2
2234,0
2235,0
2236,2
2237,1
2238,0
2239,0
2240,1
2241,2
2242,1
2243,2
2244,1
2245,2
2246,0
2247,1
2248,1
2249,1
2250,1
2251,1
2252,0
2253,2
2254,1
2255,2
2256,0
2257,1
2258,2
2259,1
2260,1
2261,1
2262,1
2263,2
2264,0
2265,1
2266,2
2267,0
2268,0
2269,1
2270,2
2271,2
2272,1
2273,1
2274,0
2275,0
2276,2
2277,1
2278,1
2279,2
2280,2
2281,1
2282,0
2283,0
2284,1
2285,1
2286,1
2287,2
2288,1
2289,2
2290,1
2291,0
2292,1
2293,2
2294,2
2295,2
2296,2
2297,0
2298,1
2299,1
2300,2
2301,1
2302,0
2303,0
2304,2
2305,2
2306,2
2307,0
2308,2
2309,0
2310,2
2311,1
2312,1
2313,2
2314,0
2315,1
2316,1
2317,2
2318,1
2319,2
2320,2
2321,2
2322,1
2323,0
2324,2
2325,0
2326,0
2327,1
2328,0
2329,1
2330,1
2331,1
2332,1
2333,0
2334,2
2335,2
2336,0
2337,1
2338,1
2339,2
2340,2
2341,2
2342,1
2343,0
2344,2
2345,0
2346,2
2347,1
2348,2
2349,2
2350,1
2351,1
2352,0
2353,1
2354,2
2355,1
2356,2
2357,1
2358,2
2359,1
2360,2
2361,2
2362,2
2363,0
2364,2
2365,2
2366,0
2367,1
2368,0
2369,1
2370,2
2371,2
2372,0
2373,1
2374,0
2375,2
2376,0
2377,1
2378,2
2379,2
2380,1
2381,2
2382,2
2383,0
2384,1
2385,1
2386,2
2387,2
2388,2
2389,0
2390,2
2391,1
2392,2
2393,1
2394,1
2395,1
2396,2
2397,2
2398,1
2399,1
2400,0
2401,0
2402,0
2403,1
2404,2
2405,1
2406,0
2407,1
2408,0
2409,0
2410,2
2411,2
2412,2
2413,2
2414,1
2415,0
2416,1
2417,1
2418,2
2419,1
2420,1
2421,0
2422,2
2423,2
2424,2
2425,1
2426,2
2427,2
2428,0
2429,1
2430,1
2431,0
2432,1
2433,0
2434,1
2435,2
2436,1
2437,0
2438,1
2439,1
2440,1
2441,2
2442,1
2443,0
2444,0
2445,2
2446,2
2447,0
2448,2
2449,0
2450,0
2451,2
2452,2
2453,2
2454,1
2455,1
2456,0
2457,0
2458,0
2459,0
2460,2
2461,1
2462,1
2463,0
2464,1
2465,1
2466,1
2467,0
2468,1
2469,1
2470,2
2471,2
2472,2
2473,1
2474,1
2475,2
2476,2
2477,1
2478,2
2479,1
2480,2
2481,1
2482,1
2483,2
2484,1
2485,2
2486,1
2487,2
2488,2
2489,0
2490,1
2491,1
2492,0
2493,1
2494,0
2495,2
2496,2
2497,1
2498,0
2499,0
2500,2
2501,1
2502,0
2503,1
2504,2
2505,2
2506,1
2507,0
2508,1
2509,1
2510,0
2511,0
2512,2
2513,1
2514,0
2515,2
2516,1
2517,2
2518,2
2519,0
2520,2
2521,0
2522,0
2523,0
2524,2
2525,2
2526,0
2527,1
2528,2
2529,2
2530,2
2531,0
2532,2
2533,1
2534,1
2535,1
2536,1
2537,1
2538,0
2539,2
2540,2
2541,2
2542,1
2543,0
2544,1
2545,2
2546,2
2547,0
2548,0
2549,1
2550,1
2551,1
2552,0
2553,1
2554,1
2555,0
2556,1
2557,1
2558,0
2559,0
2560,0
2561,1
2562,1
2563,1
2564,2
2565,2
2566,0
2567,0
2568,2
2569,2
2570,0
2571,0
2572,1
2573,0
2574,1
2575,1
2576,0
2577,1
2578,1
2579,2
2580,1
2581,1
2582,1
2583,1
2584,2
2585,0
2586,2
2587,2
2588,1
2589,1
2590,1
2591,1
2592,1
2593,0
2594,2
2595,0
2596,1
2597,1
2598,1
2599,1
2600,2
2601,2
2602,0
2603,0
2604,0
2605,1
2606,1
2607,0
2608,0
2609,2
2610,2
2611,1
2612,0
2613,2
2614,1
2615,0
2616,2
2617,1
2618,2
2619,2
2620,1
2621,2
2622,0
2623,2
2624,2
2625,0
2626,0
2627,0
2628,1
2629,1
2630,2
2631,0
2632,0
2633,1
2634,1
2635,2
2636,2
2637,1
2638,2
2639,2
2640,0
2641,2
2642,2
2643,1
2644,2
2645,1
2646,2
2647,1
2648,2
2649,2
2650,2
2651,1
2652,0
2653,1
2654,1
2655,1
2656,2
2657,1
2658,0
2659,2
2660,2
2661,1
2662,2
2663,1
2664,2
2665,2
2666,2
2667,1
2668,2
2669,0
2670,2
2671,0
2672,1
2673,1
2674,0
2675,1
2676,0
2677,2
2678,1
2679,1
2680,1
2681,1
2682,0
2683,1
2684,2
2685,1
2686,2
2687,0
2688,2
2689,1
2690,1
2691,1
2692,0
2693,0
2694,2
2695,1
2696,2
2697,0
2698,2
2699,2
2700,1
2701,0
2702,0
2703,1
2704,0
2705,2
2706,1
2707,1
2708,1
2709,1
2710,1
2711,1
2712,1
2713,1
2714,2
2715,0
2716,0
2717,2
2718,0
2719,1
2720,2
2721,1
2722,0
2723,1
2724,0
2725,1
2726,1
2727,2
2728,1
2729,1
2730,2
2731,2
2732,2
2733,0
2734,1
2735,2
2736,1
2737,2
2738,0
2739,0
2740,1
2741,1
2742,0
2743,2
2744,1
2745,0
2746,2
2747,1
2748,0
2749,2
2750,2
2751,2
2752,1
2753,1
2754,1
2755,2
2756,1
2757,1
2758,1
2759,1
2760,1
2761,2
2762,1
2763,1
2764,2
2765,1
2766,2
2767,1
2768,1
2769,2
2770,1
2771,0
2772,1
2773,2
2774,1
2775,1
2776,2
2777,0
2778,1
2779,1
2780,0
2781,2
2782,1
2783,1
2784,0
2785,2
2786,0
2787,2
2788,0
2789,1
2790,0
2791,1
2792,2
2793,1
2794,1
2795,2
2796,1
2797,2
2798,2
2799,1
2800,1
2801,2
2802,1
2803,1
2804,1
2805,1
2806,1
2807,1
2808,1
2809,2
2810,0
2811,1
2812,0
2813,1
2814,1
2815,1
2816,1
2817,0
2818,0
2819,1
2820,2
2821,1
2822,2
2823,1
2824,2
2825,1
2826,1
2827,1
2828,1
2829,1
2830,1
2831,1
2832,0
2833,2
2834,2
2835,1
2836,2
2837,2
2838,2
2839,0
2840,0
2841,1
2842,1
2843,1
2844,0
2845,2
2846,1
2847,2
2848,2
2849,2
2850,1
2851,2
2852,1
2853,1
2854,1
2855,0
2856,1
2857,0
2858,2
2859,0
2860,1
2861,2
2862,1
2863,0
2864,1
2865,1
2866,2
2867,1
2868,0
2869,2
2870,2
2871,0
2872,1
2873,1
2874,0
2875,1
2876,1
2877,2
2878,1
2879,1
2880,1
2881,0
2882,1
2883,1
2884,1
2885,0
2886,1
2887,1
2888,2
2889,0
2890,1
2891,2
2892,1
2893,1
2894,0
2895,1
2896,1
2897,2
2898,2
2899,2
2900,2
2901,1
2902,1
2903,1
2904,0
2905,1
2906,1
2907,2
2908,2
2909,0
2910,0
2911,0
2912,0
2913,2
2914,1
2915,1
2916,2
2917,0
2918,1
2919,2
2920,1
2921,2
2922,1
2923,0
2924,2
2925,2
2926,2
2927,2
2928,2
2929,2
2930,2
2931,2
2932,0
2933,1
2934,0
2935,1
2936,1
2937,1
2938,2
2939,2
2940,1
2941,1
2942,2
2943,2
2944,0
2945,2
2946,2
2947,1
2948,2
2949,2
2950,1
2951,1
2952,0
2953,1
2954,0
2955,1
2956,2
2957,0
2958,1
2959,0
2960,2
2961,1
2962,2
2963,0
2964,1
2965,1
2966,0
2967,1
2968,1
2969,1
2970,1
2971,1
2972,1
2973,0
2974,2
2975,0
2976,2
2977,2
2978,2
2979,1
2980,2
2981,2
2982,2
2983,2
2984,2
2985,1
2986,1
2987,1
2988,1
2989,1
2990,2
2991,1
2992,2
2993,0
2994,1
2995,0
2996,1
2997,1
2998,2
2999,2
3000,1
3001,2
3002,1
3003,2
3004,2
3005,2
3006,1
3007,2
3008,1
3009,1
3010,2
3011,0
3012,1
3013,1
3014,0
3015,1
3016,1
3017,2
3018,1
3019,2
3020,0
3021,1
3022,2
3023,2
3024,1
3025,2
3026,0
3027,2
3028,0
3029,1
3030,2
3031,0
3032,1
3033,1
3034,1
3035,2
3036,1
3037,1
3038,2
3039,0
3040,2
3041,1
3042,2
3043,1
3044,0
3045,1
3046,0
3047,2
3048,1
3049,1
3050,2
3051,1
3052,2
3053,2
3054,1
3055,0
3056,1
3057,2
3058,0
3059,2
3060,2
3061,1
3062,1
3063,1
3064,1
3065,1
3066,1
3067,1
3068,2
3069,1
3070,1
3071,2
3072,1
3073,1
3074,1
3075,0
3076,1
3077,0
3078,1
3079,2
3080,0
3081,1
3082,0
3083,1
3084,1
3085,0
3086,0
3087,1
3088,1
3089,2
3090,2
3091,2
3092,2
3093,0
3094,2
3095,2
3096,1
3097,0
3098,1
3099,1
3100,1
3101,2
3102,2
3103,1
3104,0
3105,1
3106,0
3107,1
3108,0
3109,2
3110,0
3111,0
3112,2
3113,2
3114,2
3115,2
3116,1
3117,2
3118,1
3119,0
3120,2
3121,1
3122,2
3123,1
3124,1
3125,2
3126,0
3127,1
3128,2
3129,2
3130,2
3131,0
3132,2
3133,1
3134,1
3135,1
3136,1
3137,2
3138,0
3139,0
3140,0
3141,1
3142,1
3143,0
3144,1
3145,1
3146,0
3147,1
3148,0
3149,2
3150,1
3151,1
3152,1
3153,1
3154,0
3155,1
3156,0
3157,2
3158,1
3159,1
3160,2
3161,2
3162,2
3163,2
3164,1
3165,1
3166,0
3167,0
3168,1
3169,0
3170,2
3171,1
3172,2
3173,0
3174,0
3175,1
3176,1
3177,1
3178,1
3179,1
3180,2
3181,0
3182,0
3183,1
3184,0
3185,0
3186,1
3187,2
3188,2
3189,1
3190,1
3191,2
3192,2
3193,0
3194,0
3195,0
3196,2
3197,1
3198,2
3199,1
3200,1
3201,0
3202,1
3203,1
3204,0
3205,0
3206,2
3207,1
3208,1
3209,2
3210,2
3211,0
3212,2
3213,2
3214,1
3215,0
3216,1
3217,2
3218,1
3219,1
3220,1
3221,1
3222,2
3223,2
3224,1
3225,2
3226,0
3227,1
3228,1
3229,1
3230,0
3231,0
3232,1
3233,1
3234,1
3235,1
3236,1
3237,1
3238,0
3239,1
3240,1
3241,2
3242,1
3243,1
3244,0
3245,2
3246,2
3247,1
3248,2
3249,1
3250,0
3251,0
3252,2
3253,1
3254,2
3255,2
3256,2
3257,0
3258,2
3259,2
3260,0
3261,1
3262,0
3263,0
3264,2
3265,2
3266,2
3267,1
3268,1
3269,1
3270,0
3271,2
3272,1
3273,1
3274,2
3275,1
3276,1
3277,1
3278,1
3279,0
3280,2
3281,1
3282,2
3283,0
3284,2
3285,0
3286,2
3287,2
3288,1
3289,1
3290,0
3291,0
3292,1
3293,1
3294,1
3295,2
3296,1
3297,0
3298,2
3299,2
3300,1
3301,0
3302,1
3303,2
3304,1
3305,1
3306,1
3307,2
3308,1
3309,1
3310,0
3311,1
3312,2
3313,1
3314,1
3315,0
3316,0
3317,0
3318,1
3319,1
3320,0
3321,1
3322,1
3323,2
3324,1
3325,2
3326,1
3327,0
3328,0
3329,0
3330,2
3331,2
3332,2
3333,1
3334,2
3335,0
3336,0
3337,0
3338,2
3339,0
3340,1
3341,2
3342,2
3343,1
3344,0
3345,0
3346,2
3347,0
3348,1
3349,1
3350,2
3351,2
3352,1
3353,2
3354,0
3355,1
3356,2
3357,1
3358,1
3359,1
3360,1
3361,0
3362,0
3363,2
3364,0
3365,2
3366,1
3367,1
3368,1
3369,0
3370,0
3371,0
3372,2
3373,1
3374,0
3375,0
3376,1
3377,2
3378,0
3379,0
3380,2
3381,1
3382,2
3383,0
3384,0
3385,1
3386,1
3387,0
3388,2
3389,2
3390,0
3391,1
3392,1
3393,2
3394,2
3395,1
3396,2
3397,1
3398,0
3399,0
3400,0
3401,2
3402,1
3403,2
3404,2
3405,1
3406,2
3407,1
3408,1
3409,2
3410,2
3411,2
3412,2
3413,2
3414,1
3415,0
3416,2
3417,0
3418,2
3419,0
3420,1
3421,1
3422,1
3423,2
3424,1
3425,2
3426,1
3427,1
3428,1
3429,1
3430,1
3431,1
3432,2
3433,1
3434,2
3435,2
3436,0
3437,2
3438,2
3439,2
3440,2
3441,1
3442,1
3443,0
3444,1
3445,1
3446,2
3447,2
3448,2
3449,2
3450,1
3451,2
3452,0
3453,1
3454,2
3455,1
3456,2
3457,1
3458,1
3459,0
3460,2
3461,0
3462,1
3463,2
3464,1
3465,1
3466,0
3467,1
3468,2
3469,1
3470,2
3471,1
3472,1
3473,2
3474,0
3475,1
3476,2
3477,1
3478,2
3479,0
3480,1
3481,2
3482,1
3483,0
3484,1
3485,1
3486,0
3487,1
3488,1
3489,1
3490,2
3491,1
3492,0
3493,2
3494,1
3495,0
3496,1
3497,1
3498,1
3499,1
3500,2
3501,2
3502,1
3503,2
3504,2
3505,0
3506,1
3507,2
3508,1
3509,1
3510,1
3511,2
3512,1
3513,0
3514,2
3515,2
3516,1
3517,2
3518,2
3519,0
3520,0
3521,1
3522,0
3523,0
3524,2
3525,2
3526,1
3527,1
3528,2
3529,2
3530,1
3531,2
3532,0
3533,2
3534,0
3535,2
3536,0
3537,1
3538,2
3539,1
3540,2
3541,1
3542,2
3543,0
3544,1
3545,1
3546,0
3547,1
3548,1
3549,0
3550,2
3551,1
3552,1
3553,1
3554,2
3555,0
3556,0
3557,2
3558,0
3559,1
3560,1
3561,1
3562,1
3563,2
3564,0
3565,2
3566,1
3567,2
3568,2
3569,2
3570,2
3571,1
3572,1
3573,2
3574,2
3575,1
3576,0
3577,1
3578,1
3579,0
3580,2
3581,2
3582,1
3583,0
3584,0
3585,2
3586,2
3587,1
3588,2
3589,2
3590,2
3591,1
3592,0
3593,1
3594,1
3595,1
3596,1
3597,0
3598,1
3599,1
3600,2
3601,2
3602,2
3603,1
3604,2
3605,0
3606,2
3607,2
3608,2
3609,0
3610,2
3611,0
3612,1
3613,1
3614,1
3615,1
3616,1
3617,0
3618,2
3619,2
3620,2
3621,1
3622,0
3623,2
3624,0
3625,1
3626,0
3627,1
3628,1
3629,1
3630,0
3631,1
3632,1
3633,0
3634,0
3635,0
3636,2
3637,1
3638,1
3639,1
3640,1
3641,1
3642,0
3643,1
3644,2
3645,0
3646,1
3647,1
3648,0
3649,2
3650,1
3651,2
3652,2
3653,2
3654,2
3655,1
3656,2
3657,0
3658,2
3659,0
3660,0
3661,1
3662,1
3663,0
3664,1
3665,1
3666,2
3667,1
3668,1
3669,1
3670,2
3671,2
3672,0
3673,2
3674,1
3675,1
3676,1
3677,1
3678,1
3679,0
3680,0
3681,1
3682,1
3683,1
3684,2
3685,0
3686,1
3687,1
3688,2
3689,2
3690,2
3691,2
3692,1
3693,1
3694,0
3695,1
3696,1
3697,0
3698,2
3699,1
3700,1
3701,1
3702,2
3703,2
3704,1
3705,0
3706,1
3707,0
3708,2
3709,0
3710,1
3711,1
3712,1
3713,1
3714,2
3715,1
3716,2
3717,2
3718,0
3719,0
3720,2
3721,0
3722,0
3723,1
3724,1
3725,1
3726,2
3727,0
3728,0
3729,2
3730,0
3731,1
3732,1
3733,1
3734,1
3735,2
3736,1
3737,1
3738,1
3739,1
3740,0
3741,1
3742,2
3743,1
3744,2
3745,1
3746,1
3747,0
3748,0
3749,0
3750,1
3751,2
3752,0
3753,1
3754,2
3755,2
3756,1
3757,1
3758,0
3759,1
3760,1
3761,1
3762,2
3763,1
3764,0
3765,1
3766,1
3767,1
3768,2
3769,1
3770,2
3771,1
3772,0
3773,2
3774,0
3775,1
3776,2
3777,2
3778,1
3779,1
3780,1
3781,2
3782,2
3783,0
3784,1
3785,2
3786,0
3787,1
3788,0
3789,0
3790,1
3791,1
3792,2
3793,1
3794,2
3795,1
3796,0
3797,2
3798,2
3799,1
3800,0
3801,1
3802,2
3803,0
3804,0
3805,1
3806,2
3807,1
3808,2
3809,2
3810,2
3811,1
3812,2
3813,2
3814,1
3815,2
3816,1
3817,1
3818,2
3819,2
3820,0
3821,2
3822,0
3823,0
3824,1
3825,0
3826,0
3827,2
3828,2
3829,0
3830,2
3831,0
3832,2
3833,1
3834,2
3835,0
3836,2
3837,1
3838,1
3839,1
3840,2
3841,2
3842,1
3843,1
3844,2
3845,1
3846,2
3847,1
3848,2
3849,1
3850,2
3851,1
3852,1
3853,1
3854,0
3855,0
3856,1
3857,2
3858,1
3859,1
3860,1
3861,1
3862,1
3863,1
3864,2
3865,0
3866,1
3867,1
3868,0
3869,1
3870,2
3871,1
3872,0
3873,0
3874,2
3875,2
3876,2
3877,0
3878,1
3879,2
3880,2
3881,2
3882,1
3883,0
3884,2
3885,1
3886,1
3887,1
3888,0
3889,0
3890,0
3891,0
3892,2
3893,2
3894,1
3895,1
3896,0
3897,0
3898,1
3899,2
3900,1
3901,2
3902,1
3903,0
3904,0
3905,0
3906,0
3907,2
3908,0
3909,2
3910,1
3911,2
3912,1
3913,0
3914,1
3915,0
3916,1
3917,0
3918,1
3919,1
3920,0
3921,1
3922,0
3923,1
3924,2
3925,0
3926,2
3927,0
3928,2
3929,2
3930,1
3931,0
3932,0
3933,1
3934,2
3935,0
3936,1
3937,1
3938,0
3939,1
3940,0
3941,1
3942,1
3943,0
3944,0
3945,2
3946,1
3947,2
3948,0
3949,1
3950,1
3951,0
3952,2
3953,2
3954,0
3955,1
3956,0
3957,1
3958,1
3959,0
3960,2
3961,1
3962,1
3963,1
3964,2
3965,1
3966,1
3967,2
3968,2
3969,1
3970,0
3971,1
3972,1
3973,1
3974,2
3975,1
3976,0
3977,2
3978,1
3979,2
3980,1
3981,1
3982,2
3983,2
3984,1
3985,0
3986,1
3987,0
3988,1
3989,2
3990,1
3991,1
3992,1
3993,0
3994,0
3995,2
3996,0
3997,0
3998,1
3999,1
4000,1
4001,1
4002,2
4003,1
4004,1
4005,1
4006,2
4007,2
4008,0
4009,1
4010,1
4011,2
4012,1
4013,1
4014,0
4015,0
4016,1
4017,0
4018,1
4019,1
4020,1
4021,2
4022,2
4023,0
4024,1
4025,1
4026,0
4027,1
4028,1
4029,2
4030,1
4031,2
4032,1
4033,2
4034,1
4035,1
4036,0
4037,1
4038,1
4039,2
4040,1
4041,1
4042,0
4043,1
4044,0
4045,1
4046,2
4047,2
4048,1
4049,1
4050,1
4051,2
4052,2
4053,0
4054,1
4055,1
4056,2
4057,0
4058,1
4059,2
4060,1
4061,0
4062,1
4063,2
4064,0
4065,2
4066,1
4067,0
4068,0
4069,0
4070,1
4071,1
4072,2
4073,1
4074,0
4075,0
4076,1
4077,0
4078,2
4079,1
4080,2
4081,2
4082,0
4083,2
4084,0
4085,2
4086,1
4087,2
4088,1
4089,0
4090,2
4091,2
4092,1
4093,1
4094,0
4095,0
4096,1
4097,0
4098,1
4099,2
4100,1
4101,1
4102,1
4103,1
4104,1
4105,0
4106,2
4107,2
4108,2
4109,0
4110,1
4111,0
4112,0
4113,2
4114,1
4115,2
4116,2
4117,1
4118,2
4119,2
4120,2
4121,1
4122,1
4123,2
4124,1
4125,2
4126,0
4127,0
4128,2
4129,0
4130,0
4131,2
4132,1
4133,1
4134,1
4135,1
4136,1
4137,1
4138,1
4139,1
4140,2
4141,1
4142,2
4143,0
4144,2
4145,0
4146,1
4147,2
4148,1
4149,2
4150,1
4151,1
4152,2
4153,1
4154,1
4155,2
4156,1
4157,1
4158,2
4159,1
4160,0
4161,1
4162,0
4163,1
4164,2
4165,1
4166,2
4167,1
4168,2
4169,2
4170,1
4171,1
4172,1
4173,1
4174,2
4175,2
4176,1
4177,2
4178,1
4179,1
4180,2
4181,2
4182,2
4183,0
4184,0
4185,0
4186,1
4187,0
4188,1
4189,2
4190,0
4191,0
4192,0
4193,1
4194,1
4195,2
4196,0
4197,2
4198,1
4199,1
4200,2
4201,0
4202,0
4203,2
4204,0
4205,2
4206,0
4207,0
4208,1
4209,1
4210,1
4211,1
4212,0
4213,1
4214,2
4215,2
4216,2
4217,2
4218,2
4219,0
4220,1
4221,1
4222,1
4223,1
4224,2
4225,2
4226,1
4227,2
4228,2
4229,1
4230,1
4231,0
4232,1
4233,0
4234,2
4235,0
4236,2
4237,0
4238,2
4239,1
4240,0
4241,1
4242,1
4243,1
4244,2
4245,0
4246,0
4247,1
4248,0
4249,1
4250,1
4251,2
4252,1
4253,2
4254,2
4255,2
4256,1
4257,1
4258,2
4259,1
4260,1
4261,1
4262,2
4263,2
4264,1
4265,2
4266,1
4267,1
4268,1
4269,0
4270,1
4271,2
4272,1
4273,0
4274,1
4275,2
4276,2
4277,2
4278,0
4279,2
4280,2
4281,1
4282,1
4283,1
4284,0
4285,1
4286,1
4287,2
4288,1
4289,1
4290,2
4291,0
4292,1
4293,1
4294,1
4295,2
4296,1
4297,1
4298,2
4299,0
4300,1
4301,1
4302,0
4303,2
4304,2
4305,1
4306,1
4307,1
4308,2
4309,2
4310,0
4311,1
4312,2
4313,2
4314,2
4315,1
4316,2
4317,1
4318,0
4319,1
4320,0
4321,1
4322,1
4323,0
4324,0
4325,1
4326,1
4327,2
4328,1
4329,0
4330,1
4331,2
4332,1
4333,2
4334,0
4335,1
4336,2
4337,1
4338,2
4339,2
4340,2
4341,0
4342,0
4343,1
4344,0
4345,2
4346,1
4347,1
4348,1
4349,2
4350,1
4351,2
4352,1
4353,2
4354,0
4355,0
4356,0
4357,2
4358,2
4359,2
4360,2
4361,1
4362,1
4363,2
4364,1
4365,1
4366,1
4367,2
4368,1
4369,1
4370,2
4371,1
4372,1
4373,1
4374,1
4375,2
4376,1
4377,1
4378,1
4379,0
4380,2
4381,2
4382,1
4383,2
4384,1
4385,0
4386,0
4387,1
4388,2
4389,1
4390,2
4391,2
4392,1
4393,2
4394,1
4395,2
4396,2
4397,1
4398,1
4399,0
4400,2
4401,1
4402,0
4403,0
4404,1
4405,2
4406,0
4407,1
4408,2
4409,2
4410,2
4411,0
4412,2
4413,2
4414,2
4415,1
4416,1
4417,1
4418,2
4419,0
4420,1
4421,0
4422,1
4423,2
4424,0
4425,0
4426,1
4427,0
4428,2
4429,0
4430,2
4431,2
4432,2
4433,1
4434,2
4435,1
4436,0
4437,2
4438,2
4439,1
4440,0
4441,2
4442,0
4443,1
4444,1
4445,0
4446,1
4447,2
4448,0
4449,2
4450,0
4451,1
4452,1
4453,1
4454,1
4455,1
4456,1
4457,1
4458,0
4459,2
4460,0
4461,2
4462,1
4463,1
4464,0
4465,1
4466,1
4467,2
4468,1
4469,0
4470,2
4471,1
4472,1
4473,2
4474,2
4475,0
4476,0
4477,2
4478,1
4479,2
4480,2
4481,2
4482,1
4483,1
4484,2
4485,1
4486,1
4487,1
4488,2
4489,2
4490,1
4491,1
4492,1
4493,1
4494,1
4495,1
4496,1
4497,2
4498,0
4499,2
4500,0
4501,2
4502,0
4503,2
4504,1
4505,1
4506,0
4507,1
4508,2
4509,2
4510,1
4511,2
4512,2
4513,1
4514,1
4515,1
4516,2
4517,2
4518,2
4519,0
4520,1
4521,2
4522,1
4523,2
4524,1
4525,2
4526,1
4527,1
4528,0
4529,1
4530,2
4531,2
4532,2
4533,2
4534,2
4535,1
4536,2
4537,0
4538,1
4539,1
4540,1
4541,1
4542,1
4543,2
4544,2
4545,2
4546,0
4547,1
4548,1
4549,1
4550,2
4551,2
4552,0
4553,2
4554,2
4555,1
4556,0
4557,2
4558,1
4559,1
4560,2
4561,2
4562,2
4563,1
4564,0
4565,1
4566,2
4567,2
4568,1
4569,2
4570,1
4571,2
4572,0
4573,1
4574,1
4575,0
4576,1
4577,1
4578,1
4579,0
4580,1
4581,0
4582,1
4583,2
4584,0
4585,2
4586,0
4587,1
4588,2
4589,2
4590,2
4591,1
4592,1
4593,2
4594,2
4595,2
4596,0
4597,0
4598,0
4599,2
4600,2
4601,1
4602,1
4603,2
4604,0
4605,2
4606,2
4607,2
4608,1
4609,1
4610,2
4611,2
4612,0
4613,0
4614,0
4615,2
4616,1
4617,0
4618,2
4619,0
4620,2
4621,2
4622,0
4623,1
4624,1
4625,2
4626,2
4627,1
4628,1
4629,1
4630,0
4631,0
4632,1
4633,1
4634,2
4635,1
4636,2
4637,1
4638,0
4639,0
4640,1
4641,2
4642,2
4643,0
4644,0
4645,1
4646,0
4647,2
4648,2
4649,2
4650,0
4651,0
4652,2
4653,0
4654,0
4655,0
4656,2
4657,2
4658,0
4659,2
4660,1
4661,2
4662,1
4663,1
4664,2
4665,0
4666,0
4667,2
4668,0
4669,1
4670,2
4671,2
4672,0
4673,0
4674,1
4675,1
4676,2
4677,1
4678,1
4679,0
4680,1
4681,1
4682,1
4683,1
4684,0
4685,1
4686,2
4687,0
4688,2
4689,0
4690,1
4691,1
4692,1
4693,1
4694,0
4695,1
4696,1
4697,0
4698,1
4699,1
4700,1
4701,1
4702,1
4703,1
4704,0
4705,0
4706,2
4707,0
4708,0
4709,2
4710,1
4711,0
4712,1
4713,2
4714,1
4715,1
4716,1
4717,1
4718,2
4719,1
4720,1
4721,0
4722,1
4723,1
4724,2
4725,1
4726,1
4727,1
4728,1
4729,2
4730,0
4731,0
4732,0
4733,2
4734,0
4735,1
4736,0
4737,1
4738,1
4739,0
4740,1
4741,1
4742,0
4743,1
4744,0
4745,2
4746,0
4747,1
4748,0
4749,0
4750,1
4751,1
4752,0
4753,0
4754,1
4755,1
4756,1
4757,2
4758,1
4759,0
4760,1
4761,1
4762,2
4763,2
4764,2
4765,2
4766,2
4767,1
4768,2
4769,2
4770,1
4771,2
4772,1
4773,0
4774,0
4775,2
4776,2
4777,1
4778,1
4779,1
4780,0
4781,1
4782,0
4783,0
4784,0
4785,1
4786,0
4787,1
4788,2
4789,1
4790,0
4791,1
4792,1
4793,1
4794,1
4795,2
4796,1
4797,1
4798,2
4799,2
4800,0
4801,1
4802,2
4803,0
4804,1
4805,1
4806,0
4807,1
4808,2
4809,2
4810,1
4811,2
4812,2
4813,1
4814,1
4815,2
4816,1
4817,1
4818,0
4819,1
4820,2
4821,1
4822,2
4823,2
4824,0
4825,1
4826,2
4827,1
4828,1
4829,2
4830,0
4831,2
4832,2
4833,1
4834,1
4835,0
4836,2
4837,0
4838,1
4839,0
4840,2
4841,2
4842,2
4843,2
4844,1
4845,1
4846,1
4847,1
4848,0
4849,2
4850,2
4851,2
4852,1
4853,1
4854,0
4855,0
4856,1
4857,2
4858,1
4859,1
4860,1
4861,1
4862,0
4863,0
4864,0
4865,1
4866,1
4867,2
4868,1
4869,0
4870,0
4871,1
4872,2
4873,1
4874,2
4875,1
4876,0
4877,1
4878,1
4879,0
4880,0
4881,1
4882,1
4883,1
4884,0
4885,2
4886,2
4887,1
4888,2
4889,1
4890,0
4891,2
4892,1
4893,1
4894,2
4895,2
4896,1
4897,2
4898,2
4899,0
4900,0
4901,0
4902,1
4903,2
4904,2
4905,1
4906,2
4907,2
4908,1
4909,0
4910,1
4911,1
4912,2
4913,1
4914,1
4915,2
4916,1
4917,2
4918,2
4919,0
4920,1
4921,2
4922,1
4923,1
4924,2
4925,0
4926,2
4927,0
4928,2
4929,0
4930,1
4931,1
4932,0
4933,1
4934,1
4935,2
4936,0
4937,1
4938,2
4939,2
4940,1
4941,1
4942,1
4943,1
4944,1
4945,1
4946,2
4947,2
4948,0
4949,0
4950,2
4951,1
4952,1
4953,1
4954,0
4955,1
4956,2
4957,2
4958,1
4959,2
4960,1
4961,1
4962,1
4963,2
4964,2
4965,1
4966,1
4967,1
4968,0
4969,2
4970,1
4971,1
4972,2
4973,1
4974,1
4975,1
4976,1
4977,2
4978,2
4979,1
4980,0
4981,2
4982,2
4983,0
4984,2
4985,0
4986,2
4987,1
4988,1
4989,0
4990,1
4991,0
4992,1
4993,2
4994,2
4995,2
4996,2
4997,1
4998,2
4999,2
5000,2
5001,2
5002,0
5003,2
5004,0
5005,0
5006,0
5007,2
5008,2
5009,0
5010,2
5011,2
5012,1
5013,0
5014,2
5015,1
5016,1
5017,1
5018,0
5019,0
5020,2
5021,1
5022,1
5023,1
5024,2
5025,1
5026,0
5027,2
5028,0
5029,1
5030,2
5031,2
5032,2
5033,0
5034,1
5035,1
5036,2
5037,2
5038,0
5039,0
5040,2
5041,1
5042,0
5043,1
5044,2
5045,1
5046,0
5047,1
5048,0
5049,2
5050,2
5051,1
5052,2
5053,2
5054,1
5055,1
5056,1
5057,0
5058,2
5059,2
5060,1
5061,2
5062,2
5063,1
5064,1
5065,2
5066,0
5067,2
5068,0
5069,0
5070,0
5071,0
5072,1
5073,2
5074,1
5075,2
5076,1
5077,0
5078,1
5079,0
5080,1
5081,1
5082,1
5083,1
5084,2
5085,1
5086,0
5087,2
5088,1
5089,1
5090,0
5091,2
5092,0
5093,0
5094,2
5095,1
5096,1
5097,0
5098,0
5099,0
5100,1
5101,1
5102,2
5103,2
5104,2
5105,2
5106,0
5107,2
5108,1
5109,2
5110,1
5111,0
5112,1
5113,1
5114,1
5115,1
5116,1
5117,0
5118,1
5119,0
5120,1
5121,2
5122,1
5123,0
5124,2
5125,1
5126,2
5127,2
5128,1
5129,0
5130,2
5131,2
5132,0
5133,1
5134,1
5135,2
5136,0
5137,1
5138,1
5139,0
5140,0
5141,2
5142,2
5143,0
5144,1
5145,2
5146,2
5147,0
5148,1
5149,1
5150,1
5151,2
5152,0
5153,0
5154,2
5155,2
5156,2
5157,1
5158,1
5159,2
5160,0
5161,0
5162,2
5163,1
5164,1
5165,1
5166,0
5167,1
5168,2
5169,1
5170,1
5171,0
5172,1
5173,1
5174,1
5175,1
5176,2
5177,0
5178,2
5179,2
5180,1
5181,1
5182,2
5183,2
5184,1
5185,1
5186,1
5187,1
5188,0
5189,2
5190,1
5191,1
5192,0
5193,2
5194,1
5195,1
5196,2
5197,0
5198,2
5199,1
5200,2
5201,0
5202,1
5203,0
5204,1
5205,0
5206,0
5207,0
5208,1
5209,2
5210,1
5211,1
5212,1
5213,1
5214,0
5215,2
5216,1
5217,0
5218,2
5219,1
5220,1
5221,2
5222,0
5223,2
5224,2
5225,1
5226,2
5227,2
5228,2
5229,2
5230,0
5231,1
5232,2
5233,1
5234,1
5235,2
5236,1
5237,2
5238,1
5239,1
5240,1
5241,0
5242,0
5243,1
5244,0
5245,1
5246,2
5247,1
5248,2
5249,2
5250,1
5251,1
5252,2
5253,1
5254,2
5255,1
5256,2
5257,0
5258,1
5259,0
5260,2
5261,1
5262,1
5263,2
5264,1
5265,2
5266,0
5267,2
5268,0
5269,1
5270,2
5271,0
5272,2
5273,0
5274,2
5275,1
5276,1
5277,1
5278,1
5279,1
5280,2
5281,1
5282,1
5283,2
5284,1
5285,0
5286,1
5287,1
5288,1
5289,1
5290,1
5291,1
5292,1
5293,1
5294,1
5295,2
5296,2
5297,1
5298,0
5299,1
5300,1
5301,1
5302,1
5303,0
5304,1
5305,1
5306,2
5307,2
5308,2
5309,2
5310,1
5311,2
5312,2
5313,0
5314,2
5315,2
5316,1
5317,1
5318,0
5319,1
5320,2
5321,1
5322,1
5323,2
5324,2
5325,1
5326,0
5327,1
5328,0
5329,2
5330,1
5331,2
5332,1
5333,1
5334,0
5335,0
5336,2
5337,2
5338,0
5339,1
5340,2
5341,1
5342,2
5343,1
5344,1
5345,1
5346,2
5347,2
5348,1
5349,1
5350,2
5351,1
5352,1
5353,2
5354,0
5355,1
5356,1
5357,1
5358,1
5359,2
5360,2
5361,0
5362,1
5363,2
5364,1
5365,1
5366,2
5367,0
5368,1
5369,0
5370,1
5371,2
5372,2
5373,2
5374,1
5375,0
5376,1
5377,2
5378,2
5379,2
5380,1
5381,1
5382,1
5383,2
5384,0
5385,1
5386,0
5387,2
5388,2
5389,2
5390,0
5391,2
5392,1
5393,2
5394,1
5395,0
5396,2
5397,0
5398,2
5399,1
5400,1
5401,2
5402,2
5403,2
5404,2
5405,1
5406,2
5407,2
5408,0
5409,0
5410,2
5411,2
5412,1
5413,0
5414,2
5415,0
5416,0
5417,0
5418,2
5419,0
5420,0
5421,1
5422,1
5423,2
5424,1
5425,0
5426,2
5427,2
5428,2
5429,2
5430,0
5431,1
5432,2
5433,1
5434,0
5435,1
5436,1
5437,2
5438,1
5439,0
5440,0
5441,2
5442,2
5443,0
5444,0
5445,2
5446,2
5447,2
5448,1
5449,1
5450,2
5451,2
5452,1
5453,1
5454,0
5455,2
5456,2
5457,2
5458,2
5459,1
5460,0
5461,0
5462,1
5463,1
5464,1
5465,0
5466,1
5467,1
5468,2
5469,0
5470,1
5471,0
5472,1
5473,0
5474,1
5475,2
5476,1
5477,1
5478,0
5479,1
5480,2
5481,1
5482,0
5483,1
5484,0
5485,1
5486,2
5487,0
5488,2
5489,2
5490,0
5491,1
5492,2
5493,1
5494,1
5495,0
5496,0
5497,1
5498,1
5499,1
5500,0
5501,2
5502,1
5503,0
5504,0
5505,0
5506,1
5507,2
5508,1
5509,2
5510,1
5511,0
5512,2
5513,2
5514,2
5515,2
5516,2
5517,2
5518,2
5519,1
5520,1
5521,1
5522,1
5523,1
5524,1
5525,1
5526,1
5527,0
5528,0
5529,1
5530,2
5531,1
5532,1
5533,2
5534,1
5535,1
5536,0
5537,2
5538,2
5539,0
5540,1
5541,2
5542,1
5543,2
5544,2
5545,0
5546,2
5547,1
5548,1
5549,1
5550,0
5551,1
5552,0
5553,2
5554,1
5555,2
5556,1
5557,2
5558,0
5559,0
5560,0
5561,1
5562,2
5563,1
5564,1
5565,0
5566,1
5567,0
5568,1
5569,2
5570,2
5571,0
5572,2
5573,2
5574,2
5575,1
5576,1
5577,2
5578,0
5579,1
5580,1
5581,0
5582,1
5583,0
5584,1
5585,1
5586,1
5587,1
5588,0
5589,2
5590,1
5591,0
5592,2
5593,1
5594,0
5595,0
5596,1
5597,1
5598,0
5599,0
5600,0
5601,1
5602,2
5603,2
5604,1
5605,2
5606,2
5607,0
5608,0
5609,2
5610,2
5611,0
5612,1
5613,2
5614,1
5615,1
5616,1
5617,1
5618,1
5619,2
5620,1
5621,2
5622,2
5623,2
5624,0
5625,2
5626,2
5627,1
5628,1
5629,1
5630,2
5631,1
5632,1
5633,0
5634,1
5635,0
5636,1
5637,2
5638,2
5639,1
5640,2
5641,1
5642,2
5643,1
5644,1
5645,1
5646,2
5647,0
5648,2
5649,1
5650,1
5651,0
5652,2
5653,2
5654,1
5655,2
5656,2
5657,2
5658,2
5659,0
5660,1
5661,1
5662,2
5663,0
5664,2
5665,1
5666,2
5667,1
5668,2
5669,2
5670,0
5671,1
5672,2
5673,2
5674,0
5675,1
5676,2
5677,2
5678,2
5679,1
5680,1
5681,2
5682,2
5683,1
5684,1
5685,2
5686,0
5687,1
5688,2
5689,2
5690,1
5691,2
5692,2
5693,0
5694,0
5695,2
5696,1
5697,0
5698,2
5699,1
5700,0
5701,0
5702,0
5703,2
5704,2
5705,2
5706,1
5707,2
5708,0
5709,1
5710,0
5711,1
5712,1
5713,2
5714,0
5715,1
5716,2
5717,0
5718,0
5719,0
5720,2
5721,0
5722,2
5723,2
5724,2
5725,0
5726,1
5727,1
5728,1
5729,2
5730,1
5731,1
5732,2
5733,2
5734,0
5735,0
5736,1
5737,1
5738,1
5739,1
5740,2
5741,1
5742,1
5743,1
5744,2
5745,0
5746,1
5747,1
5748,1
5749,1
5750,2
5751,1
5752,2
5753,0
5754,1
5755,2
5756,1
5757,1
5758,0
5759,1
5760,1
5761,1
5762,0
5763,1
5764,0
5765,0
5766,1
5767,2
5768,2
5769,2
5770,1
5771,0
5772,2
5773,0
5774,1
5775,2
5776,0
5777,0
5778,2
5779,2
5780,0
5781,1
5782,2
5783,2
5784,0
5785,2
5786,2
5787,1
5788,1
5789,1
5790,2
5791,1
5792,0
5793,1
5794,2
5795,1
5796,1
5797,1
5798,2
5799,1
5800,1
5801,1
5802,0
5803,0
5804,2
5805,1
5806,2
5807,0
5808,0
5809,1
5810,1
5811,1
5812,2
5813,1
5814,1
5815,1
5816,2
5817,1
5818,1
5819,0
5820,1
5821,2
5822,2
5823,0
5824,2
5825,1
5826,1
5827,1
5828,1
5829,2
5830,2
5831,1
5832,1
5833,2
5834,1
5835,2
5836,1
5837,1
5838,2
5839,2
5840,1
5841,0
5842,2
5843,1
5844,1
5845,0
5846,1
5847,2
5848,2
5849,0
5850,2
5851,0
5852,2
5853,1
5854,1
5855,1
5856,0
5857,2
5858,1
5859,1
5860,1
5861,2
5862,0
5863,1
5864,1
5865,2
5866,1
5867,0
5868,0
5869,0
5870,0
5871,0
5872,2
5873,1
5874,1
5875,1
5876,1
5877,2
5878,1
5879,1
5880,0
5881,2
5882,1
5883,2
5884,1
5885,0
5886,1
5887,2
5888,1
5889,1
5890,2
5891,1
5892,2
5893,2
5894,1
5895,2
5896,1
5897,1
5898,1
5899,1
5900,1
5901,2
5902,0
5903,0
5904,1
5905,1
5906,1
5907,0
5908,1
5909,0
5910,0
5911,1
5912,0
5913,1
5914,1
5915,1
5916,1
5917,1
5918,2
5919,2
5920,2
5921,2
5922,1
5923,0
5924,0
5925,1
5926,2
5927,0
5928,1
5929,1
5930,1
5931,0
5932,2
5933,2
5934,1
5935,1
5936,0
5937,2
5938,1
5939,0
5940,0
5941,1
5942,0
5943,1
5944,2
5945,2
5946,2
5947,0
5948,1
5949,0
5950,2
5951,1
5952,1
5953,2
5954,0
5955,0
5956,1
5957,1
5958,2
5959,0
5960,2
5961,1
5962,1
5963,0
5964,1
5965,1
5966,0
5967,1
5968,1
5969,2
5970,1
5971,1
5972,2
5973,2
5974,1
5975,1
5976,1
5977,1
5978,0
5979,1
5980,2
5981,2
5982,1
5983,1
5984,1
5985,1
5986,2
5987,2
5988,0
5989,0
5990,1
5991,1
5992,1
5993,2
5994,2
5995,1
5996,1
5997,0
5998,2
5999,1
6000,1
6001,0
6002,1
6003,1
6004,0
6005,2
6006,1
6007,2
6008,1
6009,1
6010,1
6011,1
6012,1
6013,0
6014,2
6015,2
6016,0
6017,1
6018,0
6019,2
6020,2
6021,0
6022,1
6023,1
6024,1
6025,1
6026,1
6027,2
6028,1
6029,1
6030,1
6031,1
6032,2
6033,1
6034,1
6035,2
6036,2
6037,0
6038,2
6039,1
6040,1
6041,0
6042,2
6043,0
6044,2
6045,2
6046,0
6047,1
6048,0
6049,0
6050,2
6051,1
6052,2
6053,1
6054,1
6055,1
6056,0
6057,2
6058,2
6059,2
6060,0
6061,0
6062,2
6063,1
6064,0
6065,2
6066,1
6067,0
6068,1
6069,1
6070,0
6071,0
6072,2
6073,1
6074,2
6075,1
6076,1
6077,2
6078,0
6079,0
6080,2
6081,1
6082,0
6083,2
6084,1
6085,1
6086,0
6087,1
6088,0
6089,0
6090,0
6091,1
6092,2
6093,1
6094,1
6095,1
6096,2
6097,2
6098,2
6099,1
6100,2
6101,1
6102,1
6103,2
6104,2
6105,2
6106,0
6107,0
6108,1
6109,2
6110,1
6111,1
6112,2
6113,1
6114,2
6115,2
6116,0
6117,0
6118,0
6119,0
6120,2
6121,0
6122,1
6123,2
6124,2
6125,2
6126,1
6127,1
6128,1
6129,1
6130,1
6131,2
6132,0
6133,2
6134,2
6135,1
6136,1
6137,1
6138,0
6139,1
6140,0
6141,1
6142,1
6143,2
6144,1
6145,1
6146,1
6147,2
6148,1
6149,2
6150,1
6151,0
6152,0
6153,1
6154,0
6155,2
6156,2
6157,0
6158,2
6159,0
6160,2
6161,0
6162,2
6163,0
6164,1
6165,0
6166,2
6167,0
6168,1
6169,0
6170,2
6171,1
6172,1
6173,1
6174,2
6175,1
6176,1
6177,0
6178,1
6179,2
6180,0
6181,0
6182,2
6183,1
6184,0
6185,2
6186,1
6187,1
6188,2
6189,2
6190,1
6191,0
6192,1
6193,2
6194,0
6195,1
6196,2
6197,0
6198,2
6199,1
6200,1
6201,1
6202,2
6203,1
6204,0
6205,2
6206,1
6207,1
6208,2
6209,1
6210,2
6211,1
6212,2
6213,2
6214,1
6215,0
6216,0
6217,0
6218,2
6219,2
6220,0
6221,2
6222,0
6223,2
6224,2
6225,1
6226,1
6227,1
6228,0
6229,0
6230,1
6231,1
6232,0
6233,1
6234,1
6235,2
6236,1
6237,2
6238,1
6239,1
6240,2
6241,0
6242,1
6243,2
6244,2
6245,1
6246,2
6247,2
6248,2
6249,1
6250,0
6251,1
6252,1
6253,2
6254,2
6255,1
6256,1
6257,1
6258,0
6259,1
6260,0
6261,0
6262,1
6263,2
6264,1
6265,2
6266,2
6267,0
6268,2
6269,0
6270,1
6271,1
6272,1
6273,0
6274,2
6275,0
6276,2
6277,2
6278,2
6279,1
6280,2
6281,0
6282,2
6283,0
6284,2
6285,1
6286,0
6287,2
6288,0
6289,1
6290,0
6291,2
6292,2
6293,0
6294,2
6295,1
6296,2
6297,1
6298,1
6299,1
6300,0
6301,1
6302,0
6303,2
6304,0
6305,2
6306,2
6307,1
6308,1
6309,2
6310,2
6311,1
6312,1
6313,2
6314,2
6315,0
6316,1
6317,1
6318,0
6319,1
6320,2
6321,0
6322,0
6323,2
6324,0
6325,1
6326,0
6327,1
6328,0
6329,1
6330,0
6331,2
6332,1
6333,2
6334,2
6335,0
6336,2
6337,1
6338,1
6339,2
6340,0
6341,2
6342,2
6343,2
6344,1
6345,1
6346,1
6347,2
6348,1
6349,2
6350,2
6351,1
6352,1
6353,2
6354,1
6355,1
6356,1
6357,1
6358,2
6359,2
6360,1
6361,2
6362,1
6363,1
6364,1
6365,0
6366,2
6367,2
6368,0
6369,1
6370,0
6371,1
6372,1
6373,1
6374,1
6375,2
6376,1
6377,1
6378,2
6379,2
6380,0
6381,2
6382,2
6383,1
6384,0
6385,1
6386,2
6387,0
6388,1
6389,0
6390,1
6391,1
6392,1
6393,2
6394,1
6395,2
6396,2
6397,0
6398,0
6399,0
6400,0
6401,0
6402,2
6403,1
6404,1
6405,2
6406,2
6407,0
6408,1
6409,2
6410,1
6411,1
6412,1
6413,1
6414,1
6415,0
6416,2
6417,0
6418,0
6419,1
6420,1
6421,2
6422,2
6423,2
6424,0
6425,2
6426,0
6427,2
6428,2
6429,1
6430,2
6431,2
6432,0
6433,2
6434,1
6435,1
6436,0
6437,2
6438,0
6439,1
6440,1
6441,2
6442,0
6443,1
6444,1
6445,2
6446,0
6447,0
6448,0
6449,0
6450,2
6451,2
6452,0
6453,0
6454,0
6455,2
6456,2
6457,1
6458,0
6459,2
6460,1
6461,2
6462,0
6463,0
6464,2
6465,1
6466,2
6467,0
6468,0
6469,0
6470,1
6471,1
6472,1
6473,1
6474,1
6475,0
6476,1
6477,0
6478,0
6479,0
6480,2
6481,1
6482,1
6483,2
6484,2
6485,1
6486,1
6487,2
6488,0
6489,1
6490,2
6491,2
6492,2
6493,1
6494,2
6495,1
6496,0
6497,2
6498,2
6499,1
6500,2
6501,2
6502,0
6503,1
6504,0
6505,0
6506,1
6507,1
6508,1
6509,1
6510,2
6511,1
6512,2
6513,2
6514,0
6515,0
6516,2
6517,1
6518,2
6519,1
6520,0
6521,0
6522,1
6523,2
6524,0
6525,2
6526,1
6527,2
6528,2
6529,0
6530,1
6531,1
6532,2
6533,2
6534,0
6535,1
6536,0
6537,1
6538,1
6539,1
6540,1
6541,2
6542,1
6543,2
6544,1
6545,0
6546,2
6547,2
6548,2
6549,1
6550,2
6551,2
6552,0
6553,1
6554,1
6555,2
6556,1
6557,1
6558,1
6559,1
6560,1
6561,0
6562,1
6563,2
6564,0
6565,0
6566,1
6567,2
6568,0
6569,1
6570,1
6571,2
6572,0
6573,0
6574,2
6575,2
6576,1
6577,1
6578,2
6579,1
6580,1
6581,1
6582,2
6583,1
6584,1
6585,1
6586,1
6587,2
6588,0
6589,2
6590,0
6591,0
6592,2
6593,1
6594,0
6595,2
6596,2
6597,1
6598,0
6599,1
6600,0
6601,1
6602,1
6603,2
6604,1
6605,0
6606,1
6607,2
6608,1
6609,2
6610,2
6611,0
6612,0
6613,1
6614,2
6615,2
6616,2
6617,2
6618,0
6619,0
6620,1
6621,1
6622,0
6623,1
6624,1
6625,1
6626,0
6627,1
6628,2
6629,1
6630,2
6631,0
6632,2
6633,2
6634,1
6635,0
6636,0
6637,1
6638,0
6639,0
6640,0
6641,1
6642,2
6643,2
6644,2
6645,1
6646,1
6647,2
6648,1
6649,1
6650,1
6651,1
6652,0
6653,2
6654,2
6655,0
6656,1
6657,1
6658,0
6659,0
6660,0
6661,1
6662,0
6663,1
6664,2
6665,2
6666,2
6667,0
6668,1
6669,1
6670,1
6671,0
6672,2
6673,2
6674,1
6675,2
6676,1
6677,2
6678,0
6679,0
6680,0
6681,1
6682,0
6683,1
6684,0
6685,1
6686,1
6687,1
6688,1
6689,1
6690,2
6691,1
6692,1
6693,0
6694,1
6695,1
6696,1
6697,2
6698,2
6699,1
6700,2
6701,1
6702,1
6703,1
6704,2
6705,2
6706,2
6707,2
6708,0
6709,2
6710,2
6711,0
6712,1
6713,1
6714,1
6715,0
6716,2
6717,1
6718,1
6719,1
6720,0
6721,0
6722,0
6723,2
6724,1
6725,1
6726,2
6727,1
6728,1
6729,1
6730,0
6731,1
6732,1
6733,1
6734,0
6735,2
6736,0
6737,1
6738,2
6739,2
6740,2
6741,1
6742,1
6743,0
6744,1
6745,0
6746,0
6747,1
6748,2
6749,2
6750,0
6751,0
6752,2
6753,0
6754,1
6755,1
6756,2
6757,0
6758,0
6759,0
6760,2
6761,2
6762,2
6763,2
6764,0
6765,1
6766,1
6767,1
6768,1
6769,2
6770,0
6771,1
6772,0
6773,0
6774,0
6775,0
6776,0
6777,1
6778,2
6779,2
6780,2
6781,0
6782,1
6783,2
6784,0
6785,1
6786,2
6787,1
6788,2
6789,1
6790,2
6791,1
6792,1
6793,0
6794,2
6795,2
6796,2
6797,0
6798,0
6799,1
6800,0
6801,0
6802,1
6803,2
6804,2
6805,0
6806,1
6807,2
6808,0
6809,0
6810,2
6811,0
6812,1
6813,1
6814,2
6815,0
6816,1
6817,1
6818,2
6819,1
6820,1
6821,0
6822,1
6823,1
6824,2
6825,2
6826,0
6827,0
6828,1
6829,1
6830,2
6831,2
6832,1
6833,1
6834,1
6835,1
6836,2
6837,0
6838,1
6839,1
6840,1
6841,2
6842,0
6843,1
6844,1
6845,1
6846,2
6847,2
6848,2
6849,2
6850,1
6851,1
6852,1
6853,1
6854,0
6855,0
6856,1
6857,0
6858,0
6859,2
6860,1
6861,1
6862,1
6863,1
6864,0
6865,1
6866,1
6867,1
6868,1
6869,0
6870,1
6871,2
6872,1
6873,2
6874,1
6875,0
6876,0
6877,0
6878,1
6879,0
6880,1
6881,0
6882,2
6883,1
6884,2
6885,0
6886,1
6887,1
6888,1
6889,2
6890,1
6891,1
6892,0
6893,2
6894,2
6895,1
6896,0
6897,0
6898,2
6899,1
6900,0
6901,1
6902,0
6903,2
6904,1
6905,0
6906,0
6907,2
6908,2
6909,0
6910,2
6911,2
6912,2
6913,1
6914,1
6915,1
6916,0
6917,2
6918,2
6919,1
6920,2
6921,1
6922,1
6923,1
6924,1
6925,1
6926,1
6927,0
6928,0
6929,1
6930,0
6931,0
6932,0
6933,1
6934,0
6935,2
6936,0
6937,2
6938,1
6939,2
6940,2
6941,2
6942,1
6943,2
6944,1
6945,0
6946,2
6947,2
6948,2
6949,1
6950,0
6951,1
6952,1
6953,2
6954,1
6955,0
6956,1
6957,1
6958,1
6959,0
6960,1
6961,1
6962,0
6963,0
6964,1
6965,2
6966,2
6967,0
6968,1
6969,2
6970,2
6971,0
6972,1
6973,2
6974,2
6975,1
6976,0
6977,2
6978,0
6979,1
6980,0
6981,2
6982,1
6983,1
6984,1
6985,0
6986,1
6987,1
6988,2
6989,1
6990,1
6991,2
6992,2
6993,1
6994,1
6995,1
6996,0
6997,1
6998,2
6999,1
7000,1
7001,2
7002,2
7003,2
7004,2
7005,2
7006,1
7007,1
7008,2
7009,2
7010,0
7011,2
7012,1
7013,2
7014,2
7015,1
7016,1
7017,1
7018,2
7019,1
7020,1
7021,1
7022,1
7023,1
7024,0
7025,1
7026,2
7027,2
7028,2
7029,2
7030,2
7031,2
7032,2
7033,2
7034,1
7035,1
7036,2
7037,0
7038,0
7039,1
7040,1
7041,2
7042,1
7043,1
7044,2
7045,1
7046,1
7047,0
7048,1
7049,0
7050,1
7051,1
7052,2
7053,0
7054,0
7055,1
7056,1
7057,1
7058,2
7059,2
7060,1
7061,1
7062,2
7063,2
7064,1
7065,0
7066,2
7067,2
7068,1
7069,2
7070,2
7071,1
7072,1
7073,0
7074,1
7075,2
7076,1
7077,1
7078,1
7079,2
7080,1
7081,1
7082,1
7083,1
7084,0
7085,0
7086,2
7087,1
7088,0
7089,2
7090,0
7091,1
7092,1
7093,0
7094,1
7095,0
7096,2
7097,2
7098,0
7099,0
7100,0
7101,1
7102,1
7103,2
7104,1
7105,2
7106,1
7107,0
7108,2
7109,1
7110,2
7111,0
7112,2
7113,0
7114,1
7115,1
7116,1
7117,1
7118,0
7119,2
7120,1
7121,1
7122,2
7123,2
7124,2
7125,0
7126,1
7127,1
7128,0
7129,1
7130,1
7131,1
7132,1
7133,1
7134,0
7135,1
7136,1
7137,1
7138,1
7139,1
7140,1
7141,1
7142,0
7143,1
7144,1
7145,1
7146,1
7147,1
7148,0
7149,2
7150,0
7151,2
7152,1
7153,2
7154,2
7155,0
7156,0
7157,1
7158,1
7159,1
7160,2
7161,0
7162,1
7163,0
7164,0
7165,0
7166,2
7167,0
7168,2
7169,1
7170,0
7171,2
7172,1
7173,1
7174,1
7175,0
7176,2
7177,0
7178,0
7179,0
7180,1
7181,1
7182,0
7183,2
7184,0
7185,1
7186,1
7187,0
7188,0
7189,0
7190,2
7191,2
7192,2
7193,2
7194,2
7195,1
7196,1
7197,1
7198,2
7199,1
7200,2
7201,1
7202,1
7203,2
7204,1
7205,2
7206,2
7207,2
7208,1
7209,0
7210,0
7211,2
7212,1
7213,1
7214,2
7215,1
7216,0
7217,1
7218,1
7219,0
7220,2
7221,1
7222,1
7223,0
7224,1
7225,1
7226,1
7227,0
7228,1
7229,1
7230,0
7231,1
7232,1
7233,2
7234,2
7235,2
7236,2
7237,1
7238,1
7239,1
7240,1
7241,2
7242,2
7243,2
7244,2
7245,2
7246,0
7247,2
7248,2
7249,2
7250,1
7251,1
7252,2
7253,0
7254,0
7255,2
7256,2
7257,0
7258,2
7259,0
7260,1
7261,1
7262,1
7263,1
7264,2
7265,0
7266,2
7267,2
7268,0
7269,2
7270,2
7271,1
7272,0
7273,1
7274,2
7275,1
7276,0
7277,1
7278,2
7279,0
7280,1
7281,1
7282,2
7283,2
7284,2
7285,2
7286,2
7287,1
7288,2
7289,1
7290,0
7291,0
7292,0
7293,2
7294,1
7295,1
7296,1
7297,0
7298,2
7299,2
7300,2
7301,0
7302,1
7303,1
7304,1
7305,0
7306,2
7307,1
7308,2
7309,1
7310,0
7311,2
7312,2
7313,1
7314,1
7315,1
7316,2
7317,1
7318,2
7319,1
7320,1
7321,1
7322,0
7323,2
7324,2
7325,1
7326,1
7327,0
7328,2
7329,1
7330,0
7331,2
7332,2
7333,0
7334,2
7335,1
7336,2
7337,1
7338,1
7339,0
7340,0
7341,0
7342,1
7343,0
7344,1
7345,0
7346,1
7347,1
7348,2
7349,1
7350,0
7351,2
7352,2
7353,0
7354,2
7355,2
7356,2
7357,0
7358,0
7359,0
7360,1
7361,1
7362,2
7363,1
7364,2
7365,1
7366,1
7367,2
7368,0
7369,1
7370,1
7371,1
7372,0
7373,2
7374,1
7375,0
7376,1
7377,0
7378,1
7379,2
7380,0
7381,2
7382,0
7383,2
7384,2
7385,1
7386,1
7387,2
7388,0
7389,1
7390,1
7391,1
7392,1
7393,2
7394,2
7395,1
7396,0
7397,2
7398,1
7399,2
7400,1
7401,2
7402,1
7403,1
7404,1
7405,1
7406,0
7407,2
7408,1
7409,2
7410,2
7411,2
7412,2
7413,1
7414,0
7415,1
7416,1
7417,0
7418,2
7419,2
7420,0
7421,0
7422,1
7423,1
7424,2
7425,1
7426,1
7427,0
7428,1
7429,1
7430,2
7431,2
7432,2
7433,1
7434,0
7435,1
7436,1
7437,1
7438,2
7439,2
7440,1
7441,1
7442,2
7443,1
7444,2
7445,2
7446,2
7447,1
7448,1
7449,0
7450,1
7451,0
7452,1
7453,1
7454,0
7455,1
7456,2
7457,0
7458,1
7459,2
7460,2
7461,1
7462,1
7463,0
7464,2
7465,2
7466,1
7467,1
7468,1
7469,2
7470,1
7471,0
7472,1
7473,1
7474,0
7475,1
7476,1
7477,1
7478,2
7479,0
7480,1
7481,0
7482,1
7483,1
7484,2
7485,1
7486,0
7487,1
7488,2
7489,0
7490,1
7491,1
7492,2
7493,2
7494,0
7495,2
7496,1
7497,1
7498,0
7499,1
7500,2
7501,1
7502,1
7503,2
7504,1
7505,0
7506,1
7507,0
7508,0
7509,2
7510,1
7511,1
7512,2
7513,2
7514,0
7515,1
7516,2
7517,2
7518,1
7519,0
7520,0
7521,0
7522,2
7523,1
7524,1
7525,2
7526,1
7527,2
7528,2
7529,1
7530,2
7531,1
7532,0
7533,2
7534,0
7535,1
7536,2
7537,2
7538,2
7539,2
7540,1
7541,2
7542,1
7543,1
7544,1
7545,2
7546,1
7547,2
7548,1
7549,0
7550,2
7551,1
7552,2
7553,1
7554,1
7555,0
7556,1
7557,1
7558,0
7559,1
7560,0
7561,0
7562,0
7563,2
7564,2
7565,0
7566,0
7567,1
7568,0
7569,0
7570,0
7571,1
7572,0
7573,1
7574,1
7575,1
7576,2
7577,0
7578,2
7579,0
7580,2
7581,2
7582,1
7583,1
7584,0
7585,0
7586,1
7587,1
7588,0
7589,1
7590,1
7591,1
7592,2
7593,2
7594,0
7595,1
7596,0
7597,1
7598,1
7599,1
7600,2
7601,0
7602,2
7603,0
7604,1
7605,0
7606,0
7607,1
7608,1
7609,2
7610,2
7611,0
7612,0
7613,1
7614,2
7615,0
7616,2
7617,2
7618,1
7619,2
7620,1
7621,1
7622,2
7623,1
7624,1
7625,1
7626,1
7627,1
7628,1
7629,1
7630,2
7631,1
7632,0
7633,1
7634,0
7635,1
7636,0
7637,1
7638,2
7639,0
7640,0
7641,2
7642,1
7643,2
7644,1
7645,2
7646,2
7647,1
7648,0
7649,2
7650,0
7651,0
7652,2
7653,1
7654,2
7655,1
7656,0
7657,1
7658,1
7659,2
7660,2
7661,0
7662,0
7663,0
7664,2
7665,1
7666,1
7667,0
7668,2
7669,1
7670,2
7671,1
7672,1
7673,0
7674,2
7675,2
7676,0
7677,1
7678,1
7679,1
7680,1
7681,2
7682,0
7683,2
7684,1
7685,2
7686,1
7687,0
7688,2
7689,0
7690,2
7691,1
7692,2
7693,0
7694,0
7695,1
7696,1
7697,1
7698,2
7699,0
7700,1
7701,0
7702,2
7703,2
7704,2
7705,1
7706,2
7707,0
7708,1
7709,2
7710,2
7711,0
7712,0
7713,2
7714,0
7715,1
7716,2
7717,0
7718,2
7719,1
7720,1
7721,2
7722,2
7723,2
7724,1
7725,1
7726,1
7727,1
7728,1
7729,2
7730,1
7731,1
7732,1
7733,1
7734,2
7735,0
7736,2
7737,1
7738,2
7739,0
7740,1
7741,2
7742,2
7743,0
7744,1
7745,0
7746,2
7747,1
7748,0
7749,0
7750,0
7751,2
7752,0
7753,1
7754,1
7755,2
7756,2
7757,2
7758,2
7759,2
7760,2
7761,2
7762,2
7763,2
7764,1
7765,2
7766,2
7767,2
7768,0
7769,2
7770,1
7771,2
7772,2
7773,1
7774,2
7775,0
7776,0
7777,2
7778,1
7779,2
7780,0
7781,0
7782,2
7783,2
7784,2
7785,1
7786,2
7787,0
7788,2
7789,2
7790,2
7791,0
7792,1
7793,1
7794,2
7795,2
7796,1
7797,0
7798,1
7799,1
7800,2
7801,1
7802,2
7803,2
7804,1
7805,2
7806,2
7807,1
7808,2
7809,1
7810,0
7811,1
7812,2
7813,2
7814,1
7815,2
7816,0
7817,0
7818,1
7819,1
7820,2
7821,1
7822,1
7823,0
7824,2
7825,0
7826,1
7827,0
7828,1
7829,2
7830,1
7831,0
7832,2
7833,2
7834,2
7835,1
7836,1
7837,1
7838,0
7839,1
7840,0
7841,2
7842,0
7843,1
7844,2
7845,2
7846,2
7847,2
7848,0
7849,2
7850,1
7851,1
7852,1
7853,0
7854,2
7855,0
7856,0
7857,1
7858,2
7859,1
7860,0
7861,1
7862,1
7863,1
7864,1
7865,2
7866,1
7867,0
7868,1
7869,1
7870,1
7871,0
7872,2
7873,2
7874,0
7875,0
7876,1
7877,1
7878,1
7879,1
7880,0
7881,2
7882,1
7883,1
7884,1
7885,2
7886,1
7887,1
7888,0
7889,2
7890,1
7891,1
7892,0
7893,0
7894,0
7895,1
7896,2
7897,1
7898,2
7899,0
7900,1
7901,0
7902,1
7903,1
7904,1
7905,2
7906,1
7907,2
7908,0
7909,0
7910,2
7911,2
7912,0
7913,0
7914,1
7915,1
7916,2
7917,2
7918,1
7919,2
7920,0
7921,2
7922,1
7923,0
7924,2
7925,0
7926,1
7927,0
7928,1
7929,0
7930,0
7931,0
7932,0
7933,1
7934,2
7935,0
7936,0
7937,1
7938,2
7939,1
7940,1
7941,1
7942,0
7943,1
7944,2
7945,2
7946,2
7947,0
7948,0
7949,1
7950,2
7951,1
7952,1
7953,0
7954,1
7955,1
7956,0
7957,2
7958,1
7959,2
7960,2
7961,1
7962,1
7963,1
7964,2
7965,2
7966,2
7967,1
7968,1
7969,2
7970,2
7971,0
7972,2
7973,1
7974,1
7975,1
7976,2
7977,1
7978,2
7979,0
7980,2
7981,0
7982,2
7983,0
7984,0
7985,1
7986,2
7987,2
7988,0
7989,0
7990,2
7991,2
7992,2
7993,2
7994,1
7995,2
7996,2
7997,2
7998,2
7999,1
8000,1
8001,2
8002,1
8003,2
8004,1
8005,0
8006,2
8007,1
8008,1
8009,2
8010,1
8011,2
8012,2
8013,2
8014,1
8015,2
8016,2
8017,1
8018,0
8019,2
8020,0
8021,1
8022,2
8023,2
8024,1
8025,2
8026,1
8027,2
8028,2
8029,0
8030,1
8031,1
8032,1
8033,1
8034,1
8035,0
8036,2
8037,0
8038,2
8039,1
8040,1
8041,1
8042,1
8043,0
8044,1
8045,2
8046,2
8047,1
8048,2
8049,2
8050,2
8051,0
8052,0
8053,0
8054,2
8055,2
8056,2
8057,0
8058,1
8059,1
8060,2
8061,2
8062,0
8063,2
8064,2
8065,1
8066,0
8067,1
8068,2
8069,0
8070,1
8071,1
8072,1
8073,2
8074,2
8075,0
8076,1
8077,2
8078,1
8079,0
8080,2
8081,2
8082,1
8083,1
8084,1
8085,0
8086,1
8087,2
8088,2
8089,2
8090,0
8091,1
8092,0
8093,2
8094,1
8095,2
8096,2
8097,1
8098,1
8099,0
8100,1
8101,1
8102,2
8103,2
8104,2
8105,0
8106,1
8107,2
8108,2
8109,0
8110,0
8111,0
8112,0
8113,0
8114,1
8115,0
8116,1
8117,2
8118,2
8119,2
8120,0
8121,2
8122,2
8123,0
8124,2
8125,1
8126,2
8127,2
8128,0
8129,2
8130,1
8131,1
8132,1
8133,1
8134,1
8135,2
8136,2
8137,1
8138,2
8139,2
8140,2
8141,2
8142,0
8143,1
8144,2
8145,1
8146,0
8147,1
8148,2
8149,2
8150,1
8151,1
8152,2
8153,1
8154,2
8155,2
8156,2
8157,0
8158,2
8159,0
8160,1
8161,0
8162,0
8163,2
8164,0
8165,1
8166,2
8167,1
8168,0
8169,2
8170,2
8171,1
8172,1
8173,0
8174,2
8175,1
8176,0
8177,2
8178,2
8179,1
8180,1
8181,0
8182,1
8183,2
8184,1
8185,2
8186,1
8187,2
8188,1
8189,2
8190,1
8191,1
8192,2
8193,2
8194,1
8195,0
8196,1
8197,1
8198,0
8199,0
8200,1
8201,1
8202,1
8203,0
8204,1
8205,0
8206,0
8207,1
8208,1
8209,1
8210,1
8211,2
8212,1
8213,2
8214,0
8215,2
8216,2
8217,0
8218,1
8219,0
8220,2
8221,0
8222,1
8223,2
8224,2
8225,1
8226,0
8227,1
8228,2
8229,1
8230,0
8231,1
8232,1
8233,1
8234,1
8235,2
8236,1
8237,1
8238,2
8239,0
8240,0
8241,1
8242,1
8243,2
8244,0
8245,2
8246,1
8247,2
8248,2
8249,2
8250,2
8251,1
8252,1
8253,1
8254,0
8255,1
8256,1
8257,2
8258,0
8259,1
8260,1
8261,2
8262,2
8263,2
8264,0
8265,1
8266,1
8267,1
8268,0
8269,0
8270,2
8271,1
8272,1
8273,0
8274,0
8275,1
8276,1
8277,1
8278,1
8279,1
8280,1
8281,0
8282,2
8283,1
8284,1
8285,0
8286,2
8287,2
8288,2
8289,1
8290,1
8291,1
8292,0
8293,0
8294,1
8295,2
8296,0
8297,2
8298,1
8299,2
8300,2
8301,2
8302,0
8303,0
8304,1
8305,1
8306,2
8307,2
8308,2
8309,1
8310,1
8311,1
8312,1
8313,1
8314,1
8315,1
8316,1
8317,2
8318,2
8319,1
8320,1
8321,0
8322,0
8323,2
8324,2
8325,1
8326,2
8327,2
8328,2
8329,0
8330,2
8331,0
8332,1
8333,1
8334,2
8335,0
8336,1
8337,0
8338,2
8339,1
8340,0
8341,0
8342,1
8343,1
8344,1
8345,1
8346,2
8347,1
8348,1
8349,1
8350,2
8351,1
8352,2
8353,1
8354,0
8355,1
8356,1
8357,2
8358,2
8359,1
8360,1
8361,0
8362,2
8363,1
8364,1
8365,1
8366,2
8367,0
8368,1
8369,1
8370,2
8371,1
8372,2
8373,2
8374,0
8375,2
8376,1
8377,2
8378,1
8379,1
8380,2
8381,1
8382,0
8383,1
8384,1
8385,2
8386,2
8387,2
8388,1
8389,2
8390,2
8391,2
8392,0
8393,1
8394,0
8395,1
8396,1
8397,1
8398,1
8399,2
8400,1
8401,1
8402,2
8403,2
8404,1
8405,1
8406,2
8407,0
8408,2
8409,2
8410,1
8411,2
8412,2
8413,0
8414,2
8415,1
8416,2
8417,0
8418,2
8419,2
8420,0
8421,0
8422,1
8423,2
8424,2
8425,1
8426,1
8427,2
8428,0
8429,1
8430,1
8431,2
8432,0
8433,1
8434,2
8435,1
8436,0
8437,1
8438,0
8439,2
8440,0
8441,1
8442,2
8443,0
8444,1
8445,2
8446,2
8447,1
8448,1
8449,0
8450,2
8451,1
8452,1
8453,1
8454,2
8455,2
8456,1
8457,2
8458,2
8459,2
8460,1
8461,2
8462,1
8463,2
8464,2
8465,2
8466,1
8467,2
8468,1
8469,1
8470,1
8471,0
8472,1
8473,1
8474,0
8475,2
8476,0
8477,0
8478,1
8479,2
8480,2
8481,0
8482,1
8483,2
8484,1
8485,0
8486,0
8487,1
8488,1
8489,1
8490,1
8491,2
8492,0
8493,2
8494,1
8495,2
8496,0
8497,2
8498,2
8499,2
8500,2
8501,1
8502,0
8503,0
8504,2
8505,1
8506,2
8507,0
8508,2
8509,2
8510,2
8511,1
8512,1
8513,1
8514,2
8515,1
8516,1
8517,0
8518,0
8519,0
8520,0
8521,2
8522,1
8523,1
8524,0
8525,0
8526,1
8527,2
8528,0
8529,1
8530,0
8531,1
8532,2
8533,1
8534,2
8535,0
8536,2
8537,2
8538,0
8539,2
8540,1
8541,0
8542,2
8543,2
8544,2
8545,0
8546,1
8547,1
8548,1
8549,2
8550,2
8551,0
8552,1
8553,2
8554,1
8555,0
8556,0
8557,1
8558,0
8559,2
8560,2
8561,1
8562,1
8563,2
8564,1
8565,1
8566,1
8567,0
8568,1
8569,1
8570,0
8571,2
8572,1
8573,2
8574,2
8575,2
8576,2
8577,2
8578,1
8579,1
8580,0
8581,0
8582,1
8583,2
8584,1
8585,1
8586,2
8587,2
8588,1
8589,2
8590,1
8591,2
8592,1
8593,1
8594,1
8595,1
8596,0
8597,2
8598,2
8599,2
8600,0
8601,2
8602,1
8603,1
8604,2
8605,2
8606,2
8607,2
8608,1
8609,1
8610,0
8611,0
8612,2
8613,1
8614,0
8615,2
8616,1
8617,1
8618,1
8619,0
8620,1
8621,1
8622,0
8623,1
8624,1
8625,2
8626,1
8627,1
8628,2
8629,1
8630,1
8631,0
8632,1
8633,2
8634,0
8635,1
8636,2
8637,1
8638,0
8639,0
8640,2
8641,0
8642,0
8643,2
8644,0
8645,1
8646,2
8647,1
8648,2
8649,0
8650,1
8651,1
8652,0
8653,0
8654,2
8655,0
8656,1
8657,1
8658,0
8659,2
8660,1
8661,1
8662,2
8663,1
8664,1
8665,0
8666,2
8667,2
8668,1
8669,1
8670,2
8671,1
8672,0
8673,1
8674,1
8675,1
8676,0
8677,1
8678,1
8679,1
8680,0
8681,2
8682,1
8683,1
8684,0
8685,2
8686,2
8687,0
8688,2
8689,1
8690,2
8691,2
8692,2
8693,2
8694,0
8695,1
8696,2
8697,1
8698,0
8699,0
8700,1
8701,2
8702,1
8703,0
8704,2
8705,1
8706,2
8707,1
8708,2
8709,1
8710,2
8711,0
8712,1
8713,1
8714,1
8715,1
8716,2
8717,1
8718,0
8719,0
8720,2
8721,1
8722,1
8723,0
8724,1
8725,2
8726,1
8727,0
8728,1
8729,1
8730,1
8731,1
8732,1
8733,1
8734,0
8735,2
8736,2
8737,2
8738,1
8739,0
8740,1
8741,1
8742,2
8743,1
8744,1
8745,2
8746,1
8747,1
8748,0
8749,0
8750,1
8751,1
8752,2
8753,2
8754,1
8755,1
8756,2
8757,0
8758,0
8759,1
8760,2
8761,1
8762,0
8763,1
8764,2
8765,2
8766,2
8767,2
8768,2
8769,0
8770,2
8771,2
8772,1
8773,1
8774,1
8775,1
8776,1
8777,2
8778,1
8779,1
8780,1
8781,2
8782,2
8783,0
8784,2
8785,0
8786,0
8787,0
8788,2
8789,1
8790,1
8791,2
8792,0
8793,2
8794,1
8795,1
8796,1
8797,1
8798,1
8799,0
8800,2
8801,1
8802,2
8803,0
8804,1
8805,1
8806,0
8807,1
8808,0
8809,2
8810,2
8811,1
8812,1
8813,1
8814,1
8815,2
8816,1
8817,2
8818,1
8819,1
8820,1
8821,0
8822,1
8823,2
8824,2
8825,2
8826,1
8827,0
8828,2
8829,1
8830,0
8831,0
8832,1
8833,2
8834,1
8835,1
8836,0
8837,2
8838,0
8839,1
8840,1
8841,0
8842,0
8843,1
8844,1
8845,0
8846,2
8847,1
8848,1
8849,2
8850,2
8851,2
8852,1
8853,0
8854,1
8855,1
8856,1
8857,2
8858,0
8859,1
8860,1
8861,1
8862,1
8863,0
8864,1
8865,1
8866,0
8867,1
8868,2
8869,0
8870,1
8871,1
8872,1
8873,1
8874,2
8875,2
8876,2
8877,2
8878,2
8879,0
8880,2
8881,1
8882,0
8883,1
8884,1
8885,1
8886,2
8887,2
8888,1
8889,0
8890,1
8891,0
8892,1
8893,0
8894,2
8895,0
8896,2
8897,1
8898,1
8899,1
8900,0
8901,2
8902,2
8903,2
8904,0
8905,1
8906,1
8907,0
8908,0
8909,0
8910,0
8911,1
8912,1
8913,0
8914,1
8915,0
8916,0
8917,1
8918,2
8919,1
8920,2
8921,0
8922,2
8923,1
8924,2
8925,2
8926,2
8927,1
8928,1
8929,0
8930,1
8931,0
8932,1
8933,1
8934,1
8935,1
8936,1
8937,1
8938,0
8939,0
8940,0
8941,1
8942,2
8943,2
8944,2
8945,0
8946,1
8947,1
8948,2
8949,1
8950,2
8951,1
8952,0
8953,1
8954,1
8955,1
8956,0
8957,2
8958,1
8959,0
8960,2
8961,1
8962,1
8963,0
8964,1
8965,2
8966,1
8967,1
8968,2
8969,0
8970,1
8971,0
8972,1
8973,1
8974,2
8975,2
8976,1
8977,1
8978,0
8979,0
8980,2
8981,1
8982,1
8983,0
8984,2
8985,2
8986,0
8987,0
8988,0
8989,2
8990,1
8991,1
8992,0
8993,0
8994,2
8995,2
8996,1
8997,1
8998,1
8999,0
9000,0
9001,0
9002,1
9003,0
9004,2
9005,2
9006,1
9007,2
9008,2
9009,1
9010,0
9011,1
9012,1
9013,2
9014,2
9015,1
9016,2
9017,2
9018,2
9019,0
9020,2
9021,1
9022,0
9023,0
9024,2
9025,0
9026,2
9027,0
9028,2
9029,1
9030,0
9031,1
9032,2
9033,1
9034,1
9035,1
9036,1
9037,2
9038,1
9039,2
9040,1
9041,2
9042,0
9043,2
9044,0
9045,0
9046,1
9047,2
9048,2
9049,0
9050,1
9051,2
9052,0
9053,1
9054,1
9055,1
9056,0
9057,1
9058,1
9059,1
9060,2
9061,2
9062,0
9063,1
9064,1
9065,2
9066,1
9067,1
9068,1
9069,0
9070,2
9071,0
9072,2
9073,2
9074,1
9075,1
9076,1
9077,2
9078,2
9079,1
9080,1
9081,2
9082,1
9083,2
9084,2
9085,2
9086,1
9087,1
9088,1
9089,1
9090,1
9091,1
9092,1
9093,2
9094,1
9095,2
9096,2
9097,1
9098,1
9099,1
9100,1
9101,2
9102,1
9103,0
9104,1
9105,1
9106,1
9107,1
9108,0
9109,1
9110,0
9111,1
9112,2
9113,2
9114,2
9115,0
9116,2
9117,2
9118,2
9119,0
9120,0
9121,0
9122,1
9123,0
9124,2
9125,1
9126,1
9127,2
9128,2
9129,1
9130,1
9131,1
9132,1
9133,0
9134,1
9135,2
9136,0
9137,0
9138,1
9139,1
9140,1
9141,2
9142,1
9143,0
9144,0
9145,0
9146,2
9147,0
9148,2
9149,1
9150,0
9151,1
9152,1
9153,2
9154,1
9155,1
9156,0
9157,0
9158,0
9159,2
9160,1
9161,0
9162,1
9163,2
9164,0
9165,2
9166,1
9167,2
9168,2
9169,2
9170,0
9171,1
9172,1
9173,2
9174,1
9175,1
9176,0
9177,1
9178,1
9179,0
9180,0
9181,1
9182,1
9183,1
9184,0
9185,2
9186,2
9187,1
9188,2
9189,0
9190,0
9191,1
9192,2
9193,1
9194,2
9195,1
9196,2
9197,1
9198,2
9199,2
9200,2
9201,2
9202,0
9203,1
9204,0
9205,0
9206,1
9207,0
9208,1
9209,1
9210,1
9211,1
9212,2
9213,2
9214,0
9215,1
9216,1
9217,1
9218,2
9219,2
9220,1
9221,0
9222,1
9223,1
9224,1
9225,1
9226,1
9227,2
9228,1
9229,1
9230,2
9231,1
9232,2
9233,0
9234,2
9235,0
9236,1
9237,0
9238,2
9239,0
9240,1
9241,1
9242,2
9243,2
9244,2
9245,1
9246,2
9247,2
9248,2
9249,2
9250,2
9251,2
9252,0
9253,0
9254,0
9255,0
9256,0
9257,1
9258,1
9259,1
9260,2
9261,2
9262,2
9263,2
9264,0
9265,1
9266,1
9267,1
9268,2
9269,1
9270,2
9271,1
9272,0
9273,2
9274,2
9275,2
9276,1
9277,0
9278,2
9279,1
9280,0
9281,2
9282,0
9283,2
9284,0
9285,1
9286,2
9287,2
9288,0
9289,1
9290,0
9291,0
9292,1
9293,2
9294,1
9295,0
9296,1
9297,2
9298,2
9299,2
9300,2
9301,0
9302,1
9303,0
9304,1
9305,0
9306,1
9307,2
9308,0
9309,1
9310,1
9311,1
9312,2
9313,0
9314,1
9315,1
9316,2
9317,2
9318,1
9319,2
9320,2
9321,1
9322,0
9323,1
9324,0
9325,2
9326,0
9327,0
9328,1
9329,1
9330,1
9331,1
9332,1
9333,1
9334,2
9335,1
9336,2
9337,1
9338,2
9339,0
9340,0
9341,1
9342,2
9343,0
9344,1
9345,1
9346,0
9347,1
9348,1
9349,0
9350,1
9351,1
9352,0
9353,2
9354,1
9355,1
9356,2
9357,0
9358,1
9359,1
9360,0
9361,1
9362,1
9363,2
9364,0
9365,0
9366,0
9367,2
9368,1
9369,1
9370,0
9371,0
9372,1
9373,0
9374,1
9375,1
9376,0
9377,1
9378,0
9379,2
9380,2
9381,0
9382,1
9383,1
9384,2
9385,1
9386,2
9387,2
9388,1
9389,2
9390,1
9391,2
9392,0
9393,2
9394,1
9395,1
9396,2
9397,0
9398,0
9399,1
9400,0
9401,1
9402,2
9403,1
9404,1
9405,1
9406,2
9407,2
9408,1
9409,0
9410,2
9411,2
9412,2
9413,2
9414,2
9415,1
9416,2
9417,0
9418,0
9419,1
9420,2
9421,1
9422,2
9423,2
9424,1
9425,2
9426,2
9427,0
9428,1
9429,1
9430,0
9431,1
9432,1
9433,1
9434,2
9435,1
9436,1
9437,2
9438,0
9439,1
9440,1
9441,1
9442,0
9443,1
9444,1
9445,0
9446,2
9447,1
9448,1
9449,0
9450,2
9451,1
9452,1
9453,1
9454,2
9455,1
9456,1
9457,2
9458,0
9459,1
9460,2
9461,2
9462,2
9463,1
9464,0
9465,2
9466,1
9467,1
9468,1
9469,0
9470,0
9471,1
9472,2
9473,1
9474,2
9475,1
9476,0
9477,2
9478,0
9479,1
9480,1
9481,1
9482,1
9483,0
9484,1
9485,1
9486,1
9487,0
9488,0
9489,1
9490,1
9491,1
9492,0
9493,1
9494,1
9495,1
9496,1
9497,2
9498,2
9499,1
9500,2
9501,2
9502,1
9503,0
9504,2
9505,2
9506,0
9507,0
9508,1
9509,0
9510,2
9511,1
9512,1
9513,1
9514,0
9515,1
9516,0
9517,1
9518,1
9519,2
9520,0
9521,1
9522,1
9523,1
9524,0
9525,0
9526,0
9527,0
9528,1
9529,0
9530,2
9531,1
9532,2
9533,1
9534,0
9535,1
9536,2
9537,2
9538,1
9539,2
9540,0
9541,2
9542,0
9543,0
9544,1
9545,2
9546,2
9547,0
9548,2
9549,0
9550,2
9551,1
9552,0
9553,0
9554,0
9555,2
9556,1
9557,1
9558,1
9559,1
9560,1
9561,0
9562,1
9563,1
9564,2
9565,1
9566,2
9567,2
9568,1
9569,0
9570,2
9571,2
9572,1
9573,0
9574,2
9575,1
9576,1
9577,1
9578,2
9579,0
9580,2
9581,1
9582,0
9583,1
9584,1
9585,0
9586,0
9587,0
9588,1
9589,1
9590,2
9591,2
9592,2
9593,1
9594,2
9595,0
9596,0
9597,1
9598,1
9599,0
9600,1
9601,0
9602,2
9603,0
9604,1
9605,2
9606,0
9607,2
9608,2
9609,0
9610,0
9611,0
9612,0
9613,1
9614,1
9615,1
9616,0
9617,1
9618,0
9619,1
9620,1
9621,0
9622,2
9623,2
9624,1
9625,0
9626,2
9627,2
9628,2
9629,2
9630,1
9631,2
9632,2
9633,1
9634,2
9635,1
9636,2
9637,2
9638,1
9639,0
9640,2
9641,2
9642,1
9643,1
9644,0
9645,2
9646,1
9647,1
9648,1
9649,1
9650,1
9651,0
9652,1
9653,1
9654,2
9655,1
9656,0
9657,2
9658,1
9659,1
9660,0
9661,2
9662,1
9663,0
9664,0
9665,2
9666,2
9667,0
9668,1
9669,1
9670,0
9671,1
9672,1
9673,2
9674,2
9675,1
9676,2
9677,0
9678,2
9679,1
9680,1
9681,1
9682,1
9683,1
9684,1
9685,2
9686,2
9687,0
9688,1
9689,1
9690,1
9691,1
9692,1
9693,0
9694,0
9695,2
9696,1
9697,2
9698,2
9699,1
9700,0
9701,1
9702,1
9703,1
9704,1
9705,0
9706,1
9707,2
9708,1
9709,1
9710,1
9711,2
9712,1
9713,1
9714,0
9715,1
9716,1
9717,2
9718,0
9719,0
9720,2
9721,2
9722,1
9723,1
9724,0
9725,1
9726,1
9727,1
9728,1
9729,2
9730,2
9731,1
9732,1
9733,2
9734,2
9735,2
9736,1
9737,1
9738,1
9739,2
9740,0
9741,0
9742,2
9743,1
9744,0
9745,1
9746,1
9747,1
9748,0
9749,1
9750,2
9751,2
9752,2
9753,1
9754,0
9755,1
9756,2
9757,1
9758,0
9759,1
9760,0
9761,1
9762,2
9763,0
9764,2
9765,0
9766,1
9767,1
9768,1
9769,1
9770,1
9771,1
9772,2
9773,0
9774,0
9775,1
9776,2
9777,2
9778,0
9779,2
9780,1
9781,1
9782,1
9783,2
9784,1
9785,2
9786,2
9787,1
9788,0
9789,1
9790,1
9791,2
9792,0
9793,0
9794,1
9795,1
9796,2
9797,1
9798,0
9799,2
9800,2
9801,1
9802,1
9803,0
9804,1
9805,1
9806,1
9807,2
9808,1
9809,1
9810,0
9811,1
9812,0
9813,0
9814,1
9815,1
9816,0
9817,0
9818,1
9819,1
9820,0
9821,0
9822,1
9823,2
9824,1
9825,1
9826,2
9827,2
9828,0
9829,2
9830,0
9831,0
9832,1
9833,2
9834,1
9835,1
9836,2
9837,2
9838,1
9839,0
9840,1
9841,2
9842,1
9843,2
9844,0
9845,1
9846,0
9847,2
9848,2
9849,1
9850,1
9851,0
9852,2
9853,2
9854,1
9855,1
9856,1
9857,2
9858,1
9859,1
9860,0
9861,2
9862,2
9863,0
9864,0
9865,1
9866,2
9867,2
9868,2
9869,0
9870,0
9871,2
9872,1
9873,0
9874,2
9875,2
9876,2
9877,1
9878,1
9879,1
9880,1
9881,0
9882,2
9883,2
9884,0
9885,1
9886,0
9887,2
9888,2
9889,1
9890,0
9891,1
9892,1
9893,0
9894,0
9895,0
9896,0
9897,0
9898,0
9899,2
9900,0
9901,1
9902,1
9903,1
9904,0
9905,1
9906,2
9907,2
9908,1
9909,1
9910,1
9911,2
9912,1
9913,2
9914,2
9915,1
9916,0
9917,2
9918,1
9919,0
9920,1
9921,2
9922,2
9923,1
9924,2
9925,1
9926,2
9927,0
9928,2
9929,1
9930,1
9931,1
9932,0
9933,1
9934,0
9935,0
9936,2
9937,0
9938,1
9939,2
9940,1
9941,1
9942,0
9943,2
9944,1
9945,2
9946,1
9947,2
9948,0
9949,1
9950,2
9951,0
9952,1
9953,2
9954,2
9955,2
9956,1
9957,0
9958,2
9959,1
9960,1
9961,1
9962,2
9963,1
9964,1
9965,1
9966,2
9967,1
9968,0
9969,0
9970,2
9971,0
9972,2
9973,1
9974,0
9975,1
9976,0
9977,1
9978,1
9979,1
9980,0
9981,2
9982,1
9983,2
9984,1
9985,0
9986,2
9987,1
9988,0
9989,1
9990,2
9991,2
9992,1
9993,2
9994,2
9995,0
9996,0
9997,1
9998,1
9999,0
10000,1
10001,1
10002,1
10003,1
10004,0
10005,1
10006,2
10007,1
10008,0
10009,0
10010,1
10011,1
10012,0
10013,1
10014,1
10015,1
10016,2
10017,0
10018,1
10019,2
10020,2
10021,1
10022,1
10023,1
10024,2
10025,1
10026,2
10027,0
10028,2
10029,1
10030,0
10031,1
10032,1
10033,2
10034,0
10035,0
10036,2
10037,0
10038,2
10039,0
10040,1
10041,1
10042,2
10043,0
10044,1
10045,0
10046,2
10047,2
10048,0
10049,1
10050,1
10051,0
10052,2
10053,0
10054,1
10055,0
10056,1
10057,0
10058,0
10059,1
10060,2
10061,2
10062,2
10063,1
10064,1
10065,2
10066,2
10067,1
10068,2
10069,2
10070,2
10071,2
10072,1
10073,2
10074,2
10075,2
10076,1
10077,1
10078,1
10079,0
10080,1
10081,1
10082,1
10083,0
10084,1
10085,0
10086,1
10087,2
10088,1
10089,0
10090,2
10091,0
10092,0
10093,0
10094,1
10095,0
10096,1
10097,1
10098,1
10099,1
10100,2
10101,1
10102,0
10103,1
10104,2
10105,0
10106,1
10107,1
10108,1
10109,2
10110,2
10111,2
10112,0
10113,1
10114,1
10115,2
10116,0
10117,0
10118,1
10119,1
10120,1
10121,0
10122,0
10123,1
10124,1
10125,2
10126,1
10127,2
10128,0
10129,1
10130,2
10131,1
10132,1
10133,1
10134,0
10135,0
10136,1
10137,1
10138,0
10139,1
10140,1
10141,1
10142,2
10143,1
10144,2
10145,2
10146,1
10147,1
10148,0
10149,2
10150,2
10151,2
10152,1
10153,1
10154,2
10155,1
10156,1
10157,2
10158,0
10159,0
10160,2
10161,2
10162,1
10163,2
10164,1
10165,2
10166,1
10167,0
10168,0
10169,1
10170,0
10171,0
10172,1
10173,2
10174,1
10175,2
10176,2
10177,1
10178,0
10179,1
10180,1
10181,2
10182,0
10183,2
10184,1
10185,1
10186,1
10187,0
10188,1
10189,1
10190,1
10191,2
10192,1
10193,1
10194,2
10195,2
10196,0
10197,0
10198,1
10199,2
10200,1
10201,1
10202,2
10203,2
10204,2
10205,0
10206,0
10207,0
10208,0
10209,2
10210,1
10211,1
10212,0
10213,0
10214,2
10215,1
10216,0
10217,1
10218,2
10219,0
10220,0
10221,1
10222,1
10223,1
10224,1
10225,1
10226,1
10227,2
10228,0
10229,2
10230,1
10231,0
10232,2
10233,2
10234,1
10235,1
10236,2
10237,2
10238,2
10239,1
10240,1
10241,0
10242,1
10243,0
10244,2
10245,0
10246,0
10247,0
10248,2
10249,1
10250,1
10251,2
10252,0
10253,1
10254,2
10255,1
10256,1
10257,0
10258,0
10259,0
10260,2
10261,1
10262,0
10263,2
10264,2
10265,1
10266,0
10267,2
10268,1
10269,2
10270,1
10271,2
10272,0
10273,1
10274,1
10275,2
10276,1
10277,1
10278,1
10279,2
10280,1
10281,0
10282,0
10283,2
10284,0
10285,2
10286,2
10287,1
10288,0
10289,1
10290,1
10291,2
10292,2
10293,1
10294,1
10295,1
10296,0
10297,1
10298,1
10299,2
10300,1
10301,2
10302,2
10303,1
10304,1
10305,1
10306,2
10307,0
10308,0
10309,1
10310,0
10311,0
10312,0
10313,1
10314,1
10315,0
10316,0
10317,1
10318,2
10319,1
10320,1
10321,2
10322,2
10323,1
10324,1
10325,1
10326,2
10327,1
10328,1
10329,2
10330,2
10331,2
10332,1
10333,2
10334,1
10335,1
10336,1
10337,1
10338,2
10339,1
10340,0
10341,2
10342,2
10343,1
10344,1
10345,0
10346,1
10347,2
10348,2
10349,0
10350,0
10351,2
10352,2
10353,2
10354,0
10355,1
10356,1
10357,2
10358,1
10359,2
10360,1
10361,2
10362,0
10363,1
10364,1
10365,0
10366,0
10367,2
10368,0
10369,2
10370,0
10371,0
10372,1
10373,2
10374,1
10375,2
10376,1
10377,2
10378,2
10379,1
10380,1
10381,0
10382,1
10383,1
10384,2
10385,1
10386,1
10387,2
10388,2
10389,1
10390,1
10391,1
10392,0
10393,1
10394,2
10395,1
10396,1
10397,0
10398,0
10399,1
10400,1
10401,2
10402,2
10403,2
10404,1
10405,2
10406,2
10407,1
10408,2
10409,1
10410,1
10411,2
10412,0
10413,1
10414,2
10415,2
10416,1
10417,2
10418,2
10419,2
10420,2
10421,2
10422,2
10423,1
10424,0
10425,2
10426,2
10427,0
10428,0
10429,0
10430,0
10431,1
10432,1
10433,2
10434,2
10435,1
10436,2
10437,0
10438,1
10439,2
10440,1
10441,1
10442,0
10443,1
10444,2
10445,1
10446,2
10447,1
10448,1
10449,1
10450,2
10451,1
10452,1
10453,2
10454,1
10455,1
10456,1
10457,0
10458,0
10459,0
10460,2
10461,0
10462,0
10463,2
10464,1
10465,0
10466,1
10467,1
10468,2
10469,2
10470,1
10471,2
10472,2
10473,1
10474,2
10475,1
10476,2
10477,1
10478,1
10479,1
10480,2
10481,0
10482,2
10483,1
10484,1
10485,0
10486,2
10487,1
10488,0
10489,1
10490,1
10491,2
10492,0
10493,0
10494,1
10495,0
10496,1
10497,1
10498,1
10499,0
10500,2
10501,0
10502,1
10503,2
10504,2
10505,0
10506,1
10507,1
10508,0
10509,2
10510,2
10511,0
10512,1
10513,2
10514,0
10515,2
10516,2
10517,1
10518,2
10519,2
10520,0
10521,1
10522,2
10523,1
10524,0
10525,0
10526,1
10527,2
10528,2
10529,1
10530,0
10531,2
10532,2
10533,0
10534,0
10535,1
10536,0
10537,1
10538,1
10539,1
10540,2
10541,1
10542,1
10543,1
10544,1
10545,1
10546,1
10547,2
10548,1
10549,0
10550,2
10551,0
10552,1
10553,1
10554,1
10555,2
10556,0
10557,0
10558,1
10559,2
10560,2
10561,1
10562,2
10563,0
10564,2
10565,1
10566,1
10567,2
10568,2
10569,0
10570,0
10571,2
10572,1
10573,1
10574,2
10575,0
10576,2
10577,1
10578,1
10579,2
10580,2
10581,2
10582,1
10583,2
10584,0
10585,2
10586,2
10587,2
10588,0
10589,1
10590,2
10591,0
10592,1
10593,0
10594,1
10595,0
10596,0
10597,2
10598,1
10599,0
10600,1
10601,1
10602,1
10603,2
10604,1
10605,1
10606,1
10607,1
10608,2
10609,2
10610,0
10611,0
10612,1
10613,0
10614,0
10615,2
10616,1
10617,2
10618,0
10619,2
10620,1
10621,0
10622,2
10623,1
10624,1
10625,1
10626,2
10627,0
10628,1
10629,2
10630,2
10631,1
10632,0
10633,2
10634,0
10635,1
10636,1
10637,1
10638,2
10639,0
10640,0
10641,0
10642,1
10643,1
10644,1
10645,0
10646,0
10647,1
10648,1
10649,0
10650,0
10651,1
10652,1
10653,1
10654,1
10655,2
10656,1
10657,1
10658,2
10659,0
10660,1
10661,1
10662,2
10663,1
10664,2
10665,2
10666,1
10667,0
10668,2
10669,2
10670,1
10671,1
10672,0
10673,2
10674,0
10675,1
10676,0
10677,2
10678,2
10679,1
10680,2
10681,1
10682,0
10683,1
10684,1
10685,0
10686,2
10687,0
10688,1
10689,1
10690,1
10691,0
10692,2
10693,0
10694,2
10695,2
10696,1
10697,1
10698,1
10699,0
10700,1
10701,2
10702,1
10703,1
10704,1
10705,0
10706,2
10707,1
10708,2
10709,0
10710,2
10711,2
10712,0
10713,2
10714,1
10715,0
10716,2
10717,1
10718,0
10719,1
10720,1
10721,0
10722,2
10723,1
10724,1
10725,1
10726,1
10727,1
10728,1
10729,1
10730,1
10731,2
10732,1
10733,2
10734,1
10735,1
10736,1
10737,1
10738,1
10739,1
10740,0
10741,2
10742,0
10743,1
10744,1
10745,1
10746,1
10747,1
10748,0
10749,2
10750,1
10751,1
10752,2
10753,1
10754,1
10755,1
10756,0
10757,0
10758,0
10759,0
10760,2
10761,2
10762,1
10763,1
10764,0
10765,1
10766,1
10767,2
10768,2
10769,0
10770,1
10771,0
10772,1
10773,1
10774,2
10775,1
10776,1
10777,1
10778,1
10779,1
10780,1
10781,1
10782,1
10783,1
10784,1
10785,1
10786,0
10787,2
10788,2
10789,0
10790,2
10791,2
10792,0
10793,1
10794,2
10795,1
10796,1
10797,2
10798,1
10799,0
10800,2
10801,2
10802,2
10803,1
10804,0
10805,1
10806,1
10807,1
10808,2
10809,2
10810,1
10811,2
10812,1
10813,1
10814,2
10815,2
10816,1
10817,1
10818,0
10819,1
10820,0
10821,2
10822,0
10823,0
10824,1
10825,2
10826,0
10827,1
10828,1
10829,0
10830,1
10831,0
10832,1
10833,1
10834,1
10835,2
10836,1
10837,2
10838,1
10839,2
10840,2
10841,0
10842,2
10843,0
10844,2
10845,2
10846,0
10847,1
10848,1
10849,0
10850,1
10851,2
10852,2
10853,2
10854,1
10855,1
10856,2
10857,0
10858,0
10859,1
10860,2
10861,2
10862,2
10863,2
10864,0
10865,0
10866,2
10867,1
10868,0
10869,1
10870,1
10871,1
10872,2
10873,2
10874,1
10875,2
10876,1
10877,1
10878,2
10879,1
10880,0
10881,1
10882,1
10883,2
10884,1
10885,2
10886,0
10887,2
10888,1
10889,1
10890,0
10891,0
10892,2
10893,0
10894,1
10895,1
10896,1
10897,1
10898,2
10899,0
10900,1
10901,0
10902,1
10903,2
10904,0
10905,2
10906,1
10907,0
10908,1
10909,0
10910,2
10911,0
10912,1
10913,1
10914,1
10915,1
10916,1
10917,1
10918,1
10919,2
10920,2
10921,0
10922,1
10923,0
10924,1
10925,0
10926,0
10927,1
10928,2
10929,1
10930,1
10931,2
10932,2
10933,1
10934,2
10935,0
10936,2
10937,2
10938,1
10939,0
10940,1
10941,2
10942,0
10943,0
10944,2
10945,1
10946,1
10947,1
10948,2
10949,1
10950,1
10951,2
10952,1
10953,1
10954,1
10955,1
10956,1
10957,1
10958,1
10959,1
10960,0
10961,1
10962,2
10963,1
10964,1
10965,0
10966,2
10967,2
10968,1
10969,0
10970,0
10971,2
10972,1
10973,1
10974,1
10975,1
10976,0
10977,1
10978,2
10979,1
10980,0
10981,1
10982,2
10983,1
10984,1
10985,1
10986,1
10987,2
10988,2
10989,1
10990,1
10991,1
10992,1
10993,2
10994,0
10995,1
10996,1
10997,1
10998,2
10999,2
11000,1
11001,1
11002,0
11003,0
11004,2
11005,0
11006,2
11007,2
11008,0
11009,0
11010,0
11011,0
11012,2
11013,1
11014,2
11015,1
11016,2
11017,2
11018,2
11019,0
11020,0
11021,1
11022,1
11023,2
11024,0
11025,0
11026,0
11027,0
11028,0
11029,2
11030,2
11031,1
11032,1
11033,1
11034,2
11035,1
11036,1
11037,0
11038,2
11039,0
11040,2
11041,2
11042,1
11043,2
11044,2
11045,1
11046,1
11047,2
11048,0
11049,1
11050,2
11051,2
11052,1
11053,1
11054,2
11055,0
11056,1
11057,1
11058,0
11059,1
11060,1
11061,1
11062,2
11063,1
11064,1
11065,1
11066,2
11067,1
11068,1
11069,1
11070,2
11071,1
11072,1
11073,0
11074,0
11075,2
11076,0
11077,2
11078,0
11079,2
11080,0
11081,2
11082,2
11083,1
11084,2
11085,2
11086,0
11087,1
11088,1
11089,1
11090,0
11091,0
11092,1
11093,0
11094,1
11095,2
11096,1
11097,1
11098,2
11099,1
11100,2
11101,1
11102,2
11103,1
11104,2
11105,0
11106,1
11107,2
11108,0
11109,2
11110,0
11111,2
11112,2
11113,1
11114,1
11115,0
11116,1
11117,2
11118,2
11119,0
11120,2
11121,0
11122,0
11123,2
11124,1
11125,2
11126,2
11127,2
11128,2
11129,2
11130,1
11131,2
11132,2
11133,2
11134,0
11135,1
11136,1
11137,2
11138,2
11139,1
11140,0
11141,2
11142,1
11143,1
11144,2
11145,2
11146,1
11147,2
11148,1
11149,1
11150,1
11151,2
11152,1
11153,2
11154,2
11155,0
11156,2
11157,2
11158,2
11159,1
11160,1
11161,2
11162,1
11163,1
11164,0
11165,0
11166,1
11167,1
11168,2
11169,2
11170,2
11171,1
11172,2
11173,1
11174,0
11175,0
11176,0
11177,0
11178,1
11179,1
11180,2
11181,1
11182,1
11183,2
11184,2
11185,1
11186,0
11187,1
11188,2
11189,1
11190,0
11191,1
11192,0
11193,0
11194,1
11195,0
11196,0
11197,2
11198,1
11199,1
11200,1
11201,1
11202,2
11203,0
11204,0
11205,1
11206,1
11207,2
11208,1
11209,1
11210,0
11211,1
11212,1
11213,1
11214,1
11215,2
11216,0
11217,1
11218,1
11219,2
11220,1
11221,1
11222,2
11223,2
11224,1
11225,2
11226,2
11227,2
11228,0
11229,0
11230,1
11231,1
11232,2
11233,0
11234,1
11235,2
11236,2
11237,0
11238,0
11239,1
11240,2
11241,2
11242,1
11243,1
11244,1
11245,2
11246,2
11247,2
11248,1
11249,0
11250,2
11251,2
11252,1
11253,1
11254,2
11255,0
11256,2
11257,1
11258,0
11259,1
11260,2
11261,0
11262,1
11263,1
11264,2
11265,1
11266,2
11267,1
11268,2
11269,1
11270,2
11271,1
11272,1
11273,1
11274,2
11275,0
11276,1
11277,1
11278,0
11279,2
11280,1
11281,2
11282,0
11283,1
11284,0
11285,2
11286,0
11287,0
11288,1
11289,0
11290,1
11291,0
11292,1
11293,0
11294,0
11295,0
11296,1
11297,1
11298,1
11299,1
11300,0
11301,1
11302,0
11303,1
11304,1
11305,0
11306,1
11307,1
11308,2
11309,0
11310,0
11311,2
11312,2
11313,1
11314,2
11315,1
11316,1
11317,1
11318,2
11319,2
11320,0
11321,1
11322,0
11323,0
11324,2
11325,0
11326,0
11327,1
11328,1
11329,2
11330,2
11331,1
11332,0
11333,2
11334,0
11335,2
11336,1
11337,2
11338,1
11339,1
11340,0
11341,2
11342,2
11343,1
11344,0
11345,1
11346,1
11347,1
11348,0
11349,2
11350,2
11351,0
11352,1
11353,2
11354,0
11355,2
11356,0
11357,0
11358,1
11359,0
11360,2
11361,0
11362,2
11363,1
11364,0
11365,0
11366,1
11367,2
11368,2
11369,1
11370,1
11371,0
11372,2
11373,1
11374,2
11375,1
11376,1
11377,2
11378,1
11379,1
11380,1
11381,2
11382,0
11383,2
11384,1
11385,2
11386,1
11387,2
11388,1
11389,2
11390,0
11391,0
11392,2
11393,1
11394,1
11395,2
11396,1
11397,1
11398,1
11399,1
11400,2
11401,1
11402,2
11403,2
11404,2
11405,2
11406,1
11407,1
11408,2
11409,2
11410,1
11411,1
11412,2
11413,0
11414,0
11415,0
11416,1
11417,2
11418,0
11419,1
11420,1
11421,0
11422,1
11423,1
11424,1
11425,2
11426,1
11427,1
11428,2
11429,2
11430,1
11431,1
11432,2
11433,2
11434,2
11435,0
11436,0
11437,2
11438,1
11439,1
11440,0
11441,1
11442,1
11443,2
11444,1
11445,1
11446,1
11447,1
11448,2
11449,2
11450,2
11451,2
11452,1
11453,1
11454,0
11455,1
11456,1
11457,1
11458,2
11459,1
11460,2
11461,1
11462,2
11463,2
11464,2
11465,1
11466,1
11467,1
11468,2
11469,1
11470,1
11471,2
11472,2
11473,0
11474,1
11475,1
11476,1
11477,0
11478,1
11479,0
11480,2
11481,1
11482,1
11483,1
11484,0
11485,1
11486,0
11487,2
11488,0
11489,2
11490,1
11491,1
11492,2
11493,1
11494,0
11495,2
11496,0
11497,0
11498,2
11499,1
11500,1
11501,2
11502,1
11503,2
11504,1
11505,2
11506,1
11507,2
11508,1
11509,1
11510,2
11511,2
11512,1
11513,1
11514,0
11515,1
11516,0
11517,1
11518,0
11519,2
11520,2
11521,0
11522,0
11523,1
11524,0
11525,1
11526,1
11527,2
11528,1
11529,2
11530,1
11531,1
11532,1
11533,2
11534,2
11535,0
11536,2
11537,2
11538,2
11539,0
11540,1
11541,2
11542,2
11543,1
11544,1
11545,1
11546,2
11547,0
11548,1
11549,2
11550,1
11551,0
11552,1
11553,0
11554,2
11555,1
11556,2
11557,2
11558,2
11559,1
11560,2
11561,2
11562,0
11563,2
11564,1
11565,1
11566,0
11567,1
11568,1
11569,1
11570,1
11571,0
11572,0
11573,0
11574,1
11575,1
11576,0
11577,2
11578,1
11579,1
11580,0
11581,2
11582,2
11583,2
11584,1
11585,0
11586,2
11587,1
11588,1
11589,1
11590,2
11591,0
11592,2
11593,1
11594,2
11595,2
11596,1
11597,0
11598,1
11599,0
11600,0
11601,1
11602,0
11603,2
11604,2
11605,2
11606,0
11607,0
11608,1
11609,1
11610,2
11611,2
11612,1
11613,1
11614,1
11615,0
11616,2
11617,1
11618,1
11619,2
11620,0
11621,1
11622,2
11623,1
11624,2
11625,0
11626,1
11627,1
11628,2
11629,0
11630,1
11631,2
11632,1
11633,1
11634,0
11635,1
11636,0
11637,2
11638,1
11639,0
11640,2
11641,2
11642,1
11643,0
11644,2
11645,2
11646,1
11647,1
11648,1
11649,1
11650,1
11651,2
11652,2
11653,2
11654,1
11655,1
11656,1
11657,0
11658,1
11659,1
11660,0
11661,1
11662,0
11663,0
11664,2
11665,0
11666,2
11667,1
11668,1
11669,2
11670,1
11671,1
11672,2
11673,1
11674,2
11675,2
11676,2
11677,2
11678,1
11679,0
11680,2
11681,1
11682,2
11683,1
11684,1
11685,1
11686,0
11687,1
11688,1
11689,2
11690,1
11691,1
11692,2
11693,0
11694,2
11695,2
11696,1
11697,2
11698,1
11699,0
11700,0
11701,1
11702,0
11703,2
11704,1
11705,0
11706,1
11707,1
11708,1
11709,2
11710,1
11711,2
11712,2
11713,2
11714,1
11715,1
11716,2
11717,1
11718,1
11719,2
11720,2
11721,0
11722,0
11723,0
11724,0
11725,1
11726,1
11727,1
11728,1
11729,1
11730,1
11731,1
11732,0
11733,0
11734,1
11735,2
11736,2
11737,1
11738,2
11739,1
11740,2
11741,2
11742,1
11743,2
11744,2
11745,0
11746,2
11747,2
11748,0
11749,0
11750,1
11751,0
11752,1
11753,2
11754,2
11755,2
11756,1
11757,1
11758,1
11759,2
11760,1
11761,0
11762,1
11763,1
11764,0
11765,0
11766,1
11767,0
11768,2
11769,2
11770,2
11771,0
11772,2
11773,1
11774,2
11775,2
11776,0
11777,2
11778,1
11779,1
11780,2
11781,0
11782,1
11783,2
11784,1
11785,1
11786,2
11787,1
11788,1
11789,2
11790,2
11791,2
11792,2
11793,0
11794,1
11795,1
11796,1
11797,2
11798,1
11799,2
11800,1
11801,2
11802,1
11803,1
11804,1
11805,2
11806,1
11807,1
11808,2
11809,1
11810,1
11811,0
11812,1
11813,2
11814,2
11815,0
11816,2
11817,2
11818,1
11819,0
11820,1
11821,2
11822,1
11823,1
11824,1
11825,0
11826,1
11827,1
11828,1
11829,1
11830,2
11831,2
11832,2
11833,1
11834,2
11835,2
11836,2
11837,2
11838,2
11839,2
11840,0
11841,0
11842,2
11843,1
11844,0
11845,2
11846,1
11847,0
11848,1
11849,0
11850,0
11851,1
11852,2
11853,2
11854,1
11855,2
11856,2
11857,1
11858,1
11859,1
11860,2
11861,2
11862,0
11863,2
11864,1
11865,2
11866,2
11867,1
11868,2
11869,1
11870,1
11871,1
11872,0
11873,1
11874,1
11875,2
11876,1
11877,1
11878,1
11879,2
11880,2
11881,1
11882,1
11883,1
11884,0
11885,1
11886,0
11887,1
11888,2
11889,2
11890,1
11891,1
11892,2
11893,0
11894,2
11895,2
11896,1
11897,1
11898,0
11899,1
11900,1
11901,2
11902,2
11903,2
11904,1
11905,2
11906,1
11907,1
11908,2
11909,1
11910,1
11911,1
11912,1
11913,2
11914,1
11915,2
11916,1
11917,1
11918,1
11919,1
11920,1
11921,1
11922,1
11923,0
11924,1
11925,1
11926,0
11927,1
11928,1
11929,0
11930,1
11931,1
11932,2
11933,1
11934,2
11935,0
11936,1
11937,1
11938,0
11939,2
11940,1
11941,2
11942,2
11943,0
11944,2
11945,1
11946,1
11947,1
11948,1
11949,1
11950,2
11951,1
11952,0
11953,2
11954,2
11955,0
11956,2
11957,2
11958,1
11959,1
11960,0
11961,2
11962,1
11963,1
11964,1
11965,2
11966,2
11967,0
11968,1
11969,0
11970,0
11971,2
11972,1
11973,2
11974,1
11975,1
11976,0
11977,1
11978,2
11979,1
11980,0
11981,1
11982,0
11983,2
11984,0
11985,0
11986,2
11987,0
11988,1
11989,1
11990,2
11991,2
11992,1
11993,1
11994,2
11995,1
11996,2
11997,0
11998,0
11999,2
12000,1
12001,2
12002,0
12003,1
12004,2
12005,1
12006,1
12007,2
12008,2
12009,1
12010,1
12011,1
12012,1
12013,2
12014,2
12015,1
12016,1
12017,1
12018,2
12019,1
12020,0
12021,2
12022,0
12023,2
12024,1
12025,1
12026,2
12027,2
12028,1
12029,2
12030,0
12031,2
12032,1
12033,2
12034,1
12035,2
12036,1
12037,1
12038,2
12039,1
12040,1
12041,1
12042,2
12043,2
12044,0
12045,0
12046,2
12047,0
12048,1
12049,0
12050,1
12051,1
12052,2
12053,1
12054,2
12055,0
12056,2
12057,2
12058,1
12059,2
12060,2
12061,0
12062,1
12063,1
12064,1
12065,1
12066,2
12067,2
12068,1
12069,1
12070,1
12071,1
12072,0
12073,1
12074,2
12075,2
12076,0
12077,1
12078,1
12079,2
12080,2
12081,0
12082,1
12083,2
12084,2
12085,0
12086,1
12087,1
12088,2
12089,1
12090,1
12091,2
12092,2
12093,1
12094,0
12095,2
12096,0
12097,2
12098,1
12099,2
12100,0
12101,0
12102,0
12103,2
12104,0
12105,0
12106,1
12107,2
12108,1
12109,0
12110,2
12111,0
12112,2
12113,1
12114,2
12115,2
12116,2
12117,1
12118,2
12119,2
12120,0
12121,0
12122,2
12123,0
12124,2
12125,2
12126,2
12127,0
12128,0
12129,1
12130,2
12131,0
12132,2
12133,1
12134,1
12135,1
12136,1
12137,2
12138,2
12139,1
12140,0
12141,0
12142,2
12143,1
12144,1
12145,1
12146,0
12147,0
12148,0
12149,2
12150,0
12151,2
12152,0
12153,0
12154,0
12155,2
12156,2
12157,1
12158,2
12159,2
12160,0
12161,1
12162,1
12163,1
12164,0
12165,1
12166,0
12167,2
12168,1
12169,1
12170,1
12171,2
12172,1
12173,1
12174,2
12175,1
12176,2
12177,1
12178,2
12179,2
12180,1
12181,0
12182,1
12183,2
12184,2
12185,2
12186,0
12187,2
12188,1
12189,1
12190,2
12191,1
12192,2
12193,1
12194,0
12195,1
12196,0
12197,1
12198,1
12199,0
12200,2
12201,2
12202,0
12203,1
12204,2
12205,0
12206,0
12207,2
12208,1
12209,1
12210,2
12211,2
12212,2
12213,1
12214,2
12215,0
12216,1
12217,1
12218,2
12219,0
12220,1
12221,2
12222,1
12223,0
12224,1
12225,0
12226,1
12227,1
12228,0
12229,2
12230,2
12231,2
12232,0
12233,0
12234,0
12235,2
12236,1
12237,2
12238,2
12239,0
12240,0
12241,0
12242,2
12243,2
12244,2
12245,1
12246,2
12247,2
12248,0
12249,1
12250,0
12251,2
12252,1
12253,0
12254,2
12255,0
12256,2
12257,2
12258,1
12259,1
12260,1
12261,2
12262,2
12263,2
12264,1
12265,0
12266,2
12267,1
12268,2
12269,0
12270,0
12271,2
12272,0
12273,1
12274,0
12275,2
12276,1
12277,0
12278,0
12279,0
12280,1
12281,1
12282,0
12283,2
12284,2
12285,2
12286,0
12287,2
12288,1
12289,0
12290,1
12291,0
12292,2
12293,1
12294,2
12295,2
12296,0
12297,0
12298,0
12299,1
12300,2
12301,1
12302,0
12303,1
12304,0
12305,1
12306,2
12307,2
12308,1
12309,0
12310,1
12311,1
12312,1
12313,1
12314,2
12315,0
12316,2
12317,1
12318,1
12319,2
12320,1
12321,2
12322,1
12323,0
12324,1
12325,2
12326,1
12327,1
12328,1
12329,2
12330,1
12331,2
12332,2
12333,1
12334,1
12335,0
12336,2
12337,1
12338,0
12339,1
12340,1
12341,0
12342,0
12343,1
12344,2
12345,1
12346,1
12347,1
12348,1
12349,1
12350,1
12351,1
12352,1
12353,1
12354,1
12355,0
12356,1
12357,0
12358,1
12359,1
12360,1
12361,1
12362,0
12363,1
12364,1
12365,0
12366,2
12367,2
12368,0
12369,1
12370,1
12371,2
12372,2
12373,1
12374,0
12375,1
12376,1
12377,2
12378,0
12379,0
12380,1
12381,0
12382,1
12383,2
12384,0
12385,0
12386,0
12387,1
12388,1
12389,1
12390,2
12391,2
12392,1
12393,2
12394,0
12395,1
12396,1
12397,2
12398,2
12399,1
12400,0
12401,2
12402,1
12403,2
12404,1
12405,1
12406,1
12407,1
12408,1
12409,0
12410,0
12411,1
12412,0
12413,1
12414,0
12415,2
12416,0
12417,0
12418,0
12419,0
12420,2
12421,0
12422,0
12423,2
12424,1
12425,0
12426,0
12427,2
12428,1
12429,1
12430,1
12431,2
12432,1
12433,2
12434,1
12435,0
12436,2
12437,2
12438,1
12439,1
12440,2
12441,2
12442,2
12443,0
12444,1
12445,1
12446,0
12447,2
12448,1
12449,1
12450,1
12451,0
12452,1
12453,1
12454,1
12455,1
12456,2
12457,2
12458,2
12459,0
12460,1
12461,2
12462,2
12463,1
12464,0
12465,1
12466,1
12467,1
12468,0
12469,1
12470,2
12471,2
12472,2
12473,2
12474,0
12475,0
12476,1
12477,1
12478,1
12479,1
12480,0
12481,0
12482,1
12483,0
12484,1
12485,2
12486,1
12487,2
12488,0
12489,2
12490,2
12491,1
12492,2
12493,1
12494,2
12495,0
12496,1
12497,2
12498,0
12499,1
12500,1
12501,2
12502,1
12503,1
12504,2
12505,1
12506,1
12507,1
12508,0
12509,2
12510,0
12511,1
12512,2
12513,2
12514,2
12515,1
12516,2
12517,0
12518,1
12519,1
12520,0
12521,0
12522,0
12523,2
12524,1
12525,1
12526,2
12527,1
12528,1
12529,1
12530,2
12531,1
12532,0
12533,2
12534,0
12535,1
12536,1
12537,2
12538,1
12539,1
12540,0
12541,2
12542,2
12543,2
12544,2
12545,0
12546,1
12547,2
12548,0
12549,2
12550,2
12551,1
12552,1
12553,2
12554,1
12555,1
12556,0
12557,1
12558,0
12559,0
12560,2
12561,1
12562,1
12563,0
12564,1
12565,1
12566,1
12567,1
12568,1
12569,2
12570,2
12571,2
12572,2
12573,2
12574,1
12575,1
12576,2
12577,1
12578,1
12579,1
12580,1
12581,1
12582,0
12583,2
12584,1
12585,0
12586,2
12587,0
12588,1
12589,2
12590,0
12591,0
12592,2
12593,0
12594,0
12595,1
12596,2
12597,1
12598,1
12599,2
12600,0
12601,2
12602,0
12603,2
12604,1
12605,2
12606,0
12607,1
12608,2
12609,2
12610,0
12611,2
12612,2
12613,1
12614,1
12615,1
12616,1
12617,2
12618,0
12619,1
12620,0
12621,2
12622,1
12623,1
12624,2
12625,0
12626,1
12627,1
12628,0
12629,0
12630,0
12631,0
12632,1
12633,1
12634,1
12635,2
12636,2
12637,1
12638,0
12639,0
12640,0
12641,1
12642,2
12643,2
12644,2
12645,1
12646,2
12647,2
12648,1
12649,1
12650,2
12651,2
12652,1
12653,1
12654,1
12655,1
12656,2
12657,1
12658,2
12659,1
12660,2
12661,0
12662,0
12663,1
12664,2
12665,1
12666,0
12667,1
12668,0
12669,2
12670,1
12671,1
12672,0
12673,0
12674,1
12675,2
12676,1
12677,0
12678,1
12679,2
12680,0
12681,0
12682,1
12683,2
12684,2
12685,2
12686,2
12687,2
12688,1
12689,0
12690,0
12691,2
12692,0
12693,0
12694,1
12695,0
12696,0
12697,2
12698,1
12699,1
12700,2
12701,0
12702,2
12703,1
12704,1
12705,2
12706,1
12707,0
12708,2
12709,0
12710,2
12711,1
12712,1
12713,0
12714,1
12715,2
12716,0
12717,1
12718,1
12719,2
12720,1
12721,1
12722,2
12723,2
12724,1
12725,1
12726,2
12727,1
12728,2
12729,1
12730,1
12731,1
12732,1
12733,0
12734,2
12735,1
12736,1
12737,0
12738,1
12739,1
12740,0
12741,1
12742,1
12743,2
12744,1
12745,1
12746,1
12747,2
12748,1
12749,2
12750,1
12751,2
12752,2
12753,2
12754,1
12755,2
12756,2
12757,0
12758,0
12759,2
12760,0
12761,2
12762,1
12763,0
12764,2
12765,1
12766,2
12767,2
12768,1
12769,2
12770,1
12771,0
12772,0
12773,0
12774,2
12775,0
12776,1
12777,0
12778,2
12779,1
12780,2
12781,0
12782,0
12783,2
12784,0
12785,2
12786,1
12787,2
12788,1
12789,0
12790,2
12791,0
12792,1
12793,1
12794,1
12795,0
12796,1
12797,0
12798,0
12799,1
12800,0
12801,2
12802,1
12803,1
12804,1
12805,1
12806,2
12807,2
12808,1
12809,0
12810,1
12811,1
12812,1
12813,1
12814,0
12815,1
12816,0
12817,1
12818,1
12819,2
12820,1
12821,2
12822,2
12823,0
12824,0
12825,0
12826,1
12827,0
12828,2
12829,1
12830,1
12831,0
12832,1
12833,2
12834,0
12835,0
12836,1
12837,0
12838,1
12839,1
12840,0
12841,1
12842,0
12843,2
12844,2
12845,0
12846,1
12847,2
12848,0
12849,1
12850,1
12851,1
12852,2
12853,1
12854,1
12855,1
12856,1
12857,1
12858,2
12859,2
12860,2
12861,1
12862,1
12863,1
12864,0
12865,0
12866,0
12867,2
12868,1
12869,2
12870,2
12871,1
12872,0
12873,0
12874,0
12875,1
12876,2
12877,1
12878,1
12879,2
12880,1
12881,0
12882,1
12883,0
12884,1
12885,2
12886,1
12887,2
12888,2
12889,2
12890,1
12891,1
12892,2
12893,2
12894,1
12895,1
12896,0
12897,2
12898,1
12899,1
12900,1
12901,0
12902,1
12903,0
12904,1
12905,1
12906,0
12907,2
12908,2
12909,1
12910,2
12911,1
12912,2
12913,2
12914,1
12915,2
12916,1
12917,1
12918,1
12919,0
12920,0
12921,1
12922,0
12923,1
12924,0
12925,2
12926,0
12927,1
12928,1
12929,0
12930,2
12931,2
12932,0
12933,1
12934,1
12935,2
12936,0
12937,1
12938,2
12939,0
12940,2
12941,1
12942,1
12943,0
12944,1
12945,0
12946,2
12947,0
12948,2
12949,1
12950,2
12951,2
12952,0
12953,0
12954,2
12955,1
12956,2
12957,2
12958,1
12959,2
12960,2
12961,1
12962,0
12963,1
12964,0
12965,2
12966,2
12967,1
12968,1
12969,1
12970,2
12971,1
12972,1
12973,2
12974,2
12975,0
12976,1
12977,2
12978,2
12979,1
12980,2
12981,1
12982,1
12983,2
12984,0
12985,1
12986,0
12987,1
12988,0
12989,0
12990,0
12991,2
12992,1
12993,1
12994,1
12995,2
12996,2
12997,1
12998,1
12999,1
13000,2
13001,2
13002,1
13003,2
13004,1
13005,1
13006,2
13007,1
13008,1
13009,1
13010,2
13011,2
13012,1
13013,2
13014,0
13015,1
13016,0
13017,0
13018,2
13019,2
13020,1
13021,1
13022,1
13023,2
13024,1
13025,1
13026,1
13027,1
13028,1
13029,1
13030,2
13031,1
13032,2
13033,2
13034,2
13035,0
13036,2
13037,1
13038,1
13039,2
13040,0
13041,2
13042,2
13043,1
13044,1
13045,2
13046,0
13047,1
13048,1
13049,1
13050,2
13051,1
13052,1
13053,1
13054,0
13055,0
13056,1
13057,0
13058,1
13059,2
13060,0
13061,2
13062,2
13063,1
13064,2
13065,1
13066,1
13067,0
13068,1
13069,0
13070,1
13071,1
13072,1
13073,1
13074,1
13075,2
13076,2
13077,2
13078,2
13079,2
13080,1
13081,2
13082,1
13083,1
13084,1
13085,0
13086,0
13087,1
13088,0
13089,1
13090,1
13091,0
13092,1
13093,2
13094,1
13095,1
13096,1
13097,2
13098,2
13099,0
13100,0
13101,2
13102,1
13103,2
13104,0
13105,1
13106,2
13107,1
13108,1
13109,2
13110,2
13111,2
13112,0
13113,2
13114,1
13115,1
13116,0
13117,2
13118,2
13119,0
13120,1
13121,2
13122,1
13123,1
13124,2
13125,2
13126,1
13127,2
13128,2
13129,1
13130,0
13131,2
13132,2
13133,1
13134,2
13135,1
13136,2
13137,1
13138,2
13139,1
13140,0
13141,1
13142,2
13143,1
13144,2
13145,2
13146,1
13147,2
13148,1
13149,0
13150,1
13151,0
13152,2
13153,0
13154,0
13155,2
13156,2
13157,2
13158,0
13159,1
13160,1
13161,1
13162,1
13163,1
13164,1
13165,1
13166,0
13167,1
13168,2
13169,1
13170,2
13171,1
13172,1
13173,0
13174,1
13175,0
13176,0
13177,1
13178,2
13179,1
13180,2
13181,2
13182,1
13183,1
13184,0
13185,1
13186,2
13187,1
13188,1
13189,0
13190,2
13191,1
13192,1
13193,1
13194,1
13195,1
13196,2
13197,0
13198,2
13199,1
13200,1
13201,2
13202,0
13203,1
13204,2
13205,1
13206,2
13207,1
13208,2
13209,0
13210,2
13211,1
13212,2
13213,0
13214,2
13215,2
13216,1
13217,2
13218,1
13219,2
13220,0
13221,0
13222,1
13223,0
13224,0
13225,2
13226,1
13227,1
13228,1
13229,0
13230,2
13231,2
13232,2
13233,1
13234,1
13235,1
13236,2
13237,2
13238,1
13239,1
13240,1
13241,0
13242,1
13243,2
13244,1
13245,2
13246,1
13247,1
13248,0
13249,2
13250,1
13251,0
13252,1
13253,0
13254,0
13255,2
13256,0
13257,0
13258,1
13259,0
13260,1
13261,2
13262,2
13263,2
13264,1
13265,1
13266,0
13267,2
13268,2
13269,2
13270,2
13271,1
13272,1
13273,1
13274,2
13275,1
13276,2
13277,1
13278,2
13279,1
13280,1
13281,0
13282,2
13283,2
13284,0
13285,1
13286,1
13287,1
13288,0
13289,0
13290,0
13291,2
13292,1
13293,2
13294,0
13295,1
13296,0
13297,1
13298,1
13299,1
13300,1
13301,1
13302,1
13303,2
13304,2
13305,0
13306,0
13307,1
13308,1
13309,1
13310,1
13311,0
13312,0
13313,2
13314,1
13315,2
13316,1
13317,1
13318,1
13319,2
13320,2
13321,1
13322,1
13323,2
13324,1
13325,1
13326,0
13327,1
13328,0
13329,1
13330,2
13331,1
13332,2
13333,1
13334,1
13335,2
13336,0
13337,1
13338,1
13339,0
13340,2
13341,1
13342,1
13343,2
13344,1
13345,0
13346,0
13347,2
13348,2
13349,1
13350,2
13351,1
13352,1
13353,1
13354,1
13355,2
13356,2
13357,2
13358,2
13359,1
13360,1
13361,1
13362,2
13363,0
13364,1
13365,1
13366,0
13367,2
13368,1
13369,0
13370,2
13371,0
13372,2
13373,1
13374,2
13375,1
13376,1
13377,0
13378,1
13379,2
13380,2
13381,1
13382,2
13383,1
13384,2
13385,1
13386,2
13387,1
13388,2
13389,2
13390,2
13391,1
13392,2
13393,1
13394,2
13395,2
13396,2
13397,2
13398,2
13399,2
13400,2
13401,1
13402,0
13403,2
13404,2
13405,0
13406,2
13407,2
13408,0
13409,0
13410,1
13411,1
13412,2
13413,2
13414,1
13415,1
13416,2
13417,2
13418,2
13419,1
13420,0
13421,1
13422,1
13423,1
13424,1
13425,0
13426,2
13427,1
13428,2
13429,1
13430,0
13431,2
13432,1
13433,0
13434,1
13435,1
13436,1
13437,2
13438,2
13439,1
13440,0
13441,0
13442,1
13443,1
13444,1
13445,1
13446,1
13447,1
13448,2
13449,1
13450,2
13451,1
13452,0
13453,0
13454,1
13455,0
13456,1
13457,2
13458,2
13459,0
13460,0
13461,0
13462,0
13463,0
13464,2
13465,1
13466,1
13467,1
13468,1
13469,1
13470,1
13471,2
13472,2
13473,1
13474,0
13475,0
13476,1
13477,0
13478,2
13479,0
13480,2
13481,0
13482,2
13483,0
13484,1
13485,1
13486,0
13487,1
13488,1
13489,2
13490,1
13491,1
13492,0
13493,1
13494,1
13495,1
13496,1
13497,0
13498,2
13499,1
13500,1
13501,0
13502,2
13503,2
13504,2
13505,1
13506,2
13507,1
13508,2
13509,1
13510,1
13511,2
13512,2
13513,1
13514,2
13515,0
13516,1
13517,1
13518,1
13519,2
13520,1
13521,2
13522,0
13523,0
13524,2
13525,1
13526,2
13527,2
13528,1
13529,1
13530,1
13531,1
13532,1
13533,0
13534,1
13535,1
13536,1
13537,2
13538,2
13539,2
13540,2
13541,2
13542,2
13543,0
13544,2
13545,1
13546,2
13547,1
13548,0
13549,0
13550,1
13551,1
13552,2
13553,1
13554,0
13555,1
13556,1
13557,1
13558,0
13559,1
13560,1
13561,2
13562,2
13563,2
13564,1
13565,1
13566,2
13567,2
13568,1
13569,2
13570,1
13571,0
13572,2
13573,2
13574,0
13575,1
13576,0
13577,1
13578,0
13579,0
13580,0
13581,1
13582,0
13583,2
13584,0
13585,1
13586,1
13587,0
13588,1
13589,1
13590,2
13591,1
13592,1
13593,0
13594,1
13595,0
13596,1
13597,2
13598,2
13599,0
13600,2
13601,1
13602,0
13603,1
13604,0
13605,2
13606,1
13607,0
13608,0
13609,2
13610,2
13611,1
13612,2
13613,1
13614,0
13615,0
13616,1
13617,0
13618,0
13619,1
13620,2
13621,2
13622,1
13623,0
13624,0
13625,1
13626,1
13627,0
13628,1
13629,2
13630,1
13631,2
13632,2
13633,2
13634,2
13635,2
13636,1
13637,0
13638,1
13639,1
13640,0
13641,1
13642,2
13643,1
13644,0
13645,2
13646,2
13647,2
13648,2
13649,1
13650,1
13651,2
13652,2
13653,0
13654,0
13655,1
13656,2
13657,1
13658,1
13659,1
13660,0
13661,2
13662,1
13663,0
13664,2
13665,0
13666,2
13667,0
13668,1
13669,0
13670,0
13671,0
13672,1
13673,1
13674,2
13675,1
13676,1
13677,2
13678,0
13679,2
13680,1
13681,0
13682,0
13683,2
13684,2
13685,0
13686,1
13687,0
13688,2
13689,0
13690,1
13691,1
13692,2
13693,1
13694,1
13695,1
13696,1
13697,1
13698,2
13699,2
13700,0
13701,1
13702,0
13703,2
13704,2
13705,0
13706,0
13707,1
13708,1
13709,0
13710,1
13711,2
13712,2
13713,1
13714,2
13715,2
13716,2
13717,0
13718,0
13719,0
13720,1
13721,1
13722,1
13723,1
13724,2
13725,1
13726,2
13727,1
13728,1
13729,0
13730,2
13731,1
13732,1
13733,1
13734,1
13735,1
13736,0
13737,2
13738,1
13739,1
13740,2
13741,2
13742,2
13743,1
13744,2
13745,0
13746,2
13747,1
13748,0
13749,2
13750,0
13751,2
13752,2
13753,1
13754,1
13755,2
13756,2
13757,1
13758,0
13759,2
13760,2
13761,0
13762,0
13763,1
13764,2
13765,1
13766,1
13767,2
13768,2
13769,2
13770,2
13771,1
13772,2
13773,1
13774,0
13775,2
13776,0
13777,2
13778,1
13779,2
13780,0
13781,1
13782,2
13783,1
13784,0
13785,1
13786,0
13787,2
13788,1
13789,1
13790,1
13791,1
13792,0
13793,2
13794,2
13795,2
13796,0
13797,2
13798,0
13799,1
13800,2
13801,0
13802,0
13803,2
13804,0
13805,1
13806,0
13807,2
13808,0
13809,0
13810,2
13811,1
13812,0
13813,1
13814,0
13815,2
13816,2
13817,2
13818,2
13819,0
13820,2
13821,2
13822,2
13823,2
13824,2
13825,0
13826,0
13827,1
13828,1
13829,2
13830,2
13831,2
13832,2
13833,2
13834,2
13835,1
13836,1
13837,2
13838,0
13839,1
13840,2
13841,2
13842,2
13843,2
13844,1
13845,2
13846,1
13847,1
13848,1
13849,2
13850,2
13851,2
13852,2
13853,2
13854,1
13855,1
13856,1
13857,1
13858,1
13859,2
13860,2
13861,1
13862,1
13863,2
13864,0
13865,1
13866,2
13867,1
13868,2
13869,1
13870,2
13871,2
13872,1
13873,1
13874,1
13875,1
13876,0
13877,1
13878,2
13879,2
13880,2
13881,1
13882,1
13883,0
13884,0
13885,1
13886,1
13887,1
13888,2
13889,1
13890,0
13891,1
13892,1
13893,2
13894,0
13895,0
13896,1
13897,1
13898,2
13899,1
13900,2
13901,1
13902,0
13903,2
13904,0
13905,0
13906,2
13907,0
13908,1
13909,1
13910,1
13911,0
13912,1
13913,1
13914,1
13915,1
13916,1
13917,0
13918,2
13919,1
13920,1
13921,1
13922,2
13923,0
13924,1
13925,2
13926,1
13927,2
13928,2
13929,0
13930,1
13931,2
13932,1
13933,1
13934,1
13935,1
13936,1
13937,0
13938,2
13939,0
13940,1
13941,0
13942,1
13943,1
13944,0
13945,2
13946,1
13947,2
13948,2
13949,1
13950,1
13951,2
13952,1
13953,2
13954,1
13955,1
13956,2
13957,0
13958,2
13959,1
13960,1
13961,0
13962,1
13963,1
13964,1
13965,1
13966,1
13967,0
13968,0
13969,1
13970,1
13971,0
13972,0
13973,2
13974,1
13975,1
13976,1
13977,1
13978,0
13979,2
13980,2
13981,0
13982,2
13983,2
13984,1
13985,1
13986,1
13987,1
13988,2
13989,2
13990,1
13991,1
13992,1
13993,0
13994,0
13995,2
13996,1
13997,0
13998,0
13999,1
14000,1
14001,0
14002,0
14003,0
14004,1
14005,1
14006,1
14007,1
14008,1
14009,1
14010,0
14011,1
14012,2
14013,1
14014,0
14015,1
14016,0
14017,0
14018,1
14019,1
14020,2
14021,0
14022,0
14023,2
14024,0
14025,1
14026,2
14027,1
14028,1
14029,2
14030,2
14031,1
14032,1
14033,1
14034,1
14035,2
14036,1
14037,1
14038,1
14039,0
14040,2
14041,1
14042,1
14043,2
14044,1
14045,1
14046,2
14047,0
14048,2
14049,2
14050,1
14051,1
14052,2
14053,0
14054,1
14055,1
14056,1
14057,2
14058,2
14059,1
14060,2
14061,2
14062,2
14063,1
14064,1
14065,2
14066,2
14067,2
14068,0
14069,1
14070,1
14071,2
14072,2
14073,1
14074,2
14075,2
14076,1
14077,0
14078,2
14079,1
14080,2
14081,2
14082,0
14083,2
14084,1
14085,1
14086,1
14087,2
14088,2
14089,1
14090,2
14091,2
14092,2
14093,1
14094,1
14095,0
14096,1
14097,1
14098,0
14099,2
14100,2
14101,0
14102,1
14103,0
14104,0
14105,1
14106,2
14107,1
14108,1
14109,2
14110,1
14111,2
14112,0
14113,1
14114,1
14115,0
14116,0
14117,0
14118,2
14119,1
14120,0
14121,1
14122,1
14123,2
14124,2
14125,2
14126,1
14127,2
14128,1
14129,1
14130,1
14131,1
14132,2
14133,1
14134,1
14135,2
14136,2
14137,0
14138,1
14139,0
14140,1
14141,1
14142,1
14143,2
14144,1
14145,0
14146,1
14147,0
14148,0
14149,2
14150,2
14151,1
14152,1
14153,2
14154,0
14155,2
14156,0
14157,2
14158,2
14159,1
14160,0
14161,2
14162,2
14163,2
14164,0
14165,1
14166,0
14167,0
14168,1
14169,2
14170,0
14171,2
14172,0
14173,0
14174,2
14175,2
14176,2
14177,1
14178,1
14179,2
14180,0
14181,1
14182,2
14183,1
14184,0
14185,1
14186,1
14187,0
14188,2
14189,2
14190,1
14191,2
14192,2
14193,0
14194,1
14195,1
14196,1
14197,0
14198,2
14199,0
14200,0
14201,2
14202,0
14203,0
14204,1
14205,1
14206,0
14207,0
14208,1
14209,1
14210,1
14211,0
14212,2
14213,1
14214,1
14215,1
14216,1
14217,2
14218,2
14219,2
14220,0
14221,1
14222,1
14223,0
14224,1
14225,1
14226,1
14227,2
14228,2
14229,1
14230,2
14231,2
14232,2
14233,0
14234,0
14235,0
14236,2
14237,1
14238,2
14239,0
14240,1
14241,2
14242,1
14243,0
14244,1
14245,2
14246,2
14247,2
14248,1
14249,2
14250,0
14251,1
14252,0
14253,1
14254,2
14255,2
14256,1
14257,1
14258,2
14259,2
14260,1
14261,1
14262,1
14263,1
14264,1
14265,2
14266,2
14267,2
14268,2
14269,1
14270,0
14271,0
14272,0
14273,1
14274,0
14275,0
14276,1
14277,1
14278,2
14279,2
14280,1
14281,1
14282,1
14283,1
14284,0
14285,1
14286,2
14287,2
14288,0
14289,0
14290,1
14291,2
14292,1
14293,0
14294,2
14295,1
14296,0
14297,2
14298,0
14299,0
14300,0
14301,2
14302,2
14303,2
14304,0
14305,0
14306,1
14307,1
14308,1
14309,2
14310,1
14311,2
14312,2
14313,2
14314,1
14315,2
14316,1
14317,2
14318,2
14319,0
14320,1
14321,0
14322,1
14323,2
14324,2
14325,1
14326,1
14327,1
14328,2
14329,0
14330,0
14331,1
14332,1
14333,0
14334,1
14335,1
14336,2
14337,1
14338,1
14339,1
14340,1
14341,0
14342,2
14343,0
14344,1
14345,0
14346,1
14347,0
14348,2
14349,0
14350,0
14351,2
14352,1
14353,0
14354,0
14355,1
14356,0
14357,2
14358,0
14359,1
14360,0
14361,0
14362,0
14363,2
14364,2
14365,1
14366,1
14367,1
14368,0
14369,2
14370,2
14371,2
14372,2
14373,0
14374,1
14375,0
14376,2
14377,2
14378,2
14379,2
14380,0
14381,0
14382,1
14383,1
14384,2
14385,0
14386,2
14387,0
14388,0
14389,1
14390,0
14391,0
14392,0
14393,1
14394,1
14395,1
14396,2
14397,1
14398,2
14399,1
14400,0
14401,1
14402,1
14403,1
14404,1
14405,2
14406,0
14407,1
14408,2
14409,1
14410,0
14411,2
14412,2
14413,0
14414,1
14415,1
14416,0
14417,1
14418,1
14419,1
14420,1
14421,1
14422,2
14423,1
14424,0
14425,0
14426,2
14427,0
14428,2
14429,1
14430,1
14431,2
14432,1
14433,2
14434,1
14435,2
14436,1
14437,2
14438,0
14439,2
14440,1
14441,1
14442,0
14443,0
14444,1
14445,2
14446,1
14447,2
14448,1
14449,1
14450,1
14451,2
14452,0
14453,1
14454,2
14455,1
14456,2
14457,2
14458,2
14459,2
14460,2
14461,2
14462,1
14463,1
14464,2
14465,1
14466,2
14467,1
14468,1
14469,0
14470,2
14471,0
14472,0
14473,0
14474,1
14475,2
14476,2
14477,2
14478,0
14479,1
14480,2
14481,2
14482,1
14483,2
14484,2
14485,1
14486,1
14487,1
14488,2
14489,2
14490,2
14491,0
14492,1
14493,1
14494,2
14495,1
14496,2
14497,1
14498,1
14499,0
14500,1
14501,0
14502,1
14503,2
14504,2
14505,0
14506,0
14507,1
14508,1
14509,2
14510,2
14511,2
14512,1
14513,1
14514,1
14515,0
14516,2
14517,1
14518,1
14519,1
14520,2
14521,2
14522,1
14523,0
14524,1
14525,1
14526,0
14527,1
14528,1
14529,2
14530,1
14531,0
14532,0
14533,1
14534,1
14535,2
14536,0
14537,2
14538,1
14539,0
14540,1
14541,0
14542,2
14543,2
14544,1
14545,1
14546,1
14547,2
14548,1
14549,1
14550,1
14551,0
14552,1
14553,2
14554,1
14555,1
14556,2
14557,1
14558,1
14559,1
14560,1
14561,1
14562,2
14563,1
14564,1
14565,0
14566,2
14567,0
14568,1
14569,1
14570,0
14571,1
14572,1
14573,0
14574,1
14575,2
14576,2
14577,0
14578,0
14579,1
14580,1
14581,1
14582,0
14583,1
14584,1
14585,1
14586,1
14587,1
14588,1
14589,1
14590,1
14591,0
14592,1
14593,2
14594,1
14595,1
14596,2
14597,2
14598,2
14599,1
14600,0
14601,2
14602,2
14603,1
14604,0
14605,0
14606,1
14607,1
14608,2
14609,1
14610,2
14611,1
14612,1
14613,0
14614,1
14615,2
14616,1
14617,1
14618,1
14619,2
14620,0
14621,0
14622,1
14623,1
14624,0
14625,1
14626,2
14627,0
14628,1
14629,1
14630,2
14631,1
14632,2
14633,2
14634,2
14635,1
14636,1
14637,2
14638,1
14639,2
14640,1
14641,2
14642,2
14643,1
14644,1
14645,1
14646,2
14647,0
14648,2
14649,0
14650,0
14651,1
14652,0
14653,1
14654,2
14655,1
14656,2
14657,1
14658,1
14659,2
14660,0
14661,2
14662,0
14663,2
14664,2
14665,2
14666,0
14667,0
14668,1
14669,0
14670,2
14671,2
14672,0
14673,0
14674,1
14675,2
14676,1
14677,1
14678,2
14679,1
14680,0
14681,1
14682,2
14683,1
14684,1
14685,0
14686,1
14687,2
14688,1
14689,1
14690,1
14691,1
14692,2
14693,0
14694,0
14695,1
14696,1
14697,2
14698,0
14699,2
14700,1
14701,1
14702,1
14703,2
14704,0
14705,2
14706,2
14707,1
14708,0
14709,1
14710,2
14711,0
14712,2
14713,1
14714,1
14715,2
14716,1
14717,2
14718,2
14719,2
14720,1
14721,1
14722,1
14723,2
14724,0
14725,1
14726,2
14727,2
14728,2
14729,0
14730,0
14731,0
14732,2
14733,2
14734,2
14735,1
14736,1
14737,1
14738,2
14739,1
14740,1
14741,1
14742,1
14743,1
14744,1
14745,0
14746,1
14747,1
14748,0
14749,2
14750,2
14751,2
14752,1
14753,0
14754,0
14755,2
14756,2
14757,0
14758,1
14759,2
14760,0
14761,1
14762,1
14763,1
14764,2
14765,0
14766,1
14767,1
14768,1
14769,1
14770,2
14771,1
14772,0
14773,1
14774,2
14775,1
14776,2
14777,2
14778,1
14779,0
14780,1
14781,2
14782,0
14783,0
14784,1
14785,2
14786,1
14787,1
14788,0
14789,0
14790,1
14791,2
14792,1
14793,2
14794,0
14795,0
14796,1
14797,2
14798,2
14799,2
14800,0
14801,1
14802,1
14803,1
14804,1
14805,1
14806,1
14807,2
14808,2
14809,2
14810,2
14811,1
14812,1
14813,1
14814,2
14815,0
14816,0
14817,1
14818,1
14819,0
14820,0
14821,1
14822,2
14823,2
14824,0
14825,2
14826,1
14827,0
14828,0
14829,1
14830,0
14831,2
14832,2
14833,1
14834,1
14835,1
14836,2
14837,2
14838,1
14839,2
14840,1
14841,1
14842,2
14843,1
14844,2
14845,0
14846,0
14847,1
14848,2
14849,1
14850,2
14851,1
14852,2
14853,0
14854,2
14855,1
14856,0
14857,0
14858,1
14859,1
14860,2
14861,1
14862,2
14863,1
14864,0
14865,1
14866,1
14867,1
14868,1
14869,2
14870,0
14871,1
14872,2
14873,1
14874,2
14875,0
14876,0
14877,1
14878,2
14879,2
14880,2
14881,0
14882,2
14883,1
14884,2
14885,1
14886,0
14887,0
14888,2
14889,2
14890,2
14891,0
14892,2
14893,2
14894,1
14895,1
14896,1
14897,1
14898,0
14899,1
14900,2
14901,2
14902,1
14903,1
14904,0
14905,2
14906,2
14907,1
14908,0
14909,2
14910,2
14911,2
14912,1
14913,1
14914,0
14915,0
14916,2
14917,1
14918,1
14919,2
14920,0
14921,2
14922,0
14923,0
14924,1
14925,1
14926,1
14927,1
14928,0
14929,1
14930,1
14931,1
14932,1
14933,2
14934,1
14935,2
14936,1
14937,2
14938,0
14939,1
14940,2
14941,2
14942,2
14943,1
14944,1
14945,1
14946,0
14947,2
14948,1
14949,2
14950,0
14951,0
14952,1
14953,1
14954,2
14955,2
14956,0
14957,0
14958,0
14959,0
14960,1
14961,0
14962,0
14963,2
14964,1
14965,0
14966,1
14967,0
14968,1
14969,2
14970,1
14971,0
14972,2
14973,2
14974,1
14975,1
14976,1
14977,1
14978,1
14979,0
14980,2
14981,1
14982,2
14983,1
14984,2
14985,2
14986,1
14987,1
14988,2
14989,1
14990,2
14991,1
14992,2
14993,2
14994,2
14995,2
14996,1
14997,1
14998,2
14999,1
15000,1
15001,0
15002,1
15003,1
15004,0
15005,0
15006,0
15007,0
15008,1
15009,1
15010,1
15011,2
15012,0
15013,1
15014,0
15015,0
15016,2
15017,0
15018,2
15019,2
15020,0
15021,1
15022,0
15023,2
15024,2
15025,1
15026,1
15027,0
15028,2
15029,2
15030,2
15031,1
15032,1
15033,1
15034,1
15035,2
15036,2
15037,2
15038,0
15039,1
15040,1
15041,2
15042,1
15043,1
15044,1
15045,1
15046,2
15047,0
15048,2
15049,2
15050,1
15051,2
15052,2
15053,2
15054,0
15055,2
15056,0
15057,2
15058,0
15059,1
15060,1
15061,1
15062,1
15063,2
15064,0
15065,1
15066,2
15067,1
15068,0
15069,1
15070,0
15071,2
15072,0
15073,1
15074,1
15075,0
15076,0
15077,1
15078,0
15079,0
15080,2
15081,2
15082,0
15083,2
15084,2
15085,2
15086,0
15087,1
15088,2
15089,0
15090,1
15091,1
15092,0
15093,1
15094,2
15095,2
15096,1
15097,1
15098,0
15099,1
15100,2
15101,0
15102,2
15103,2
15104,2
15105,2
15106,1
15107,1
15108,1
15109,0
15110,1
15111,1
15112,0
15113,1
15114,0
15115,0
15116,2
15117,1
15118,0
15119,0
15120,1
15121,1
15122,1
15123,2
15124,1
15125,2
15126,1
15127,2
15128,0
15129,2
15130,1
15131,2
15132,1
15133,1
15134,1
15135,0
15136,2
15137,0
15138,1
15139,2
15140,1
15141,1
15142,2
15143,2
15144,2
15145,2
15146,2
15147,1
15148,1
15149,2
15150,2
15151,1
15152,2
15153,1
15154,1
15155,2
15156,2
15157,2
15158,1
15159,2
15160,2
15161,0
15162,0
15163,1
15164,0
15165,1
15166,1
15167,1
15168,0
15169,0
15170,2
15171,2
15172,1
15173,2
15174,2
15175,0
15176,1
15177,1
15178,2
15179,2
15180,1
15181,1
15182,1
15183,0
15184,0
15185,1
15186,1
15187,2
15188,1
15189,1
15190,1
15191,1
15192,2
15193,2
15194,1
15195,2
15196,1
15197,1
15198,1
15199,1
15200,1
15201,0
15202,0
15203,2
15204,1
15205,2
15206,2
15207,0
15208,1
15209,0
15210,1
15211,1
15212,2
15213,1
15214,0
15215,1
15216,1
15217,1
15218,2
15219,0
15220,2
15221,0
15222,0
15223,0
15224,2
15225,2
15226,2
15227,2
15228,1
15229,1
15230,0
15231,2
15232,2
15233,1
15234,2
15235,2
15236,0
15237,1
15238,1
15239,2
15240,2
15241,1
15242,2
15243,0
15244,1
15245,0
15246,2
15247,1
15248,0
15249,0
15250,0
15251,1
15252,1
15253,1
15254,0
15255,1
15256,1
15257,0
15258,2
15259,1
15260,2
15261,1
15262,0
15263,1
15264,1
15265,2
15266,0
15267,2
15268,1
15269,1
15270,0
15271,2
15272,2
15273,2
15274,1
15275,1
15276,1
15277,2
15278,1
15279,0
15280,1
15281,2
15282,2
15283,0
15284,0
15285,2
15286,2
15287,2
15288,0
15289,0
15290,1
15291,1
15292,1
15293,2
15294,1
15295,1
15296,1
15297,1
15298,0
15299,1
15300,2
15301,1
15302,0
15303,2
15304,0
15305,0
15306,2
15307,1
15308,1
15309,0
15310,1
15311,1
15312,1
15313,1
15314,0
15315,1
15316,0
15317,2
15318,2
15319,0
15320,0
15321,1
15322,0
15323,0
15324,1
15325,1
15326,0
15327,1
15328,2
15329,2
15330,1
15331,1
15332,1
15333,2
15334,1
15335,1
15336,2
15337,2
15338,1
15339,1
15340,2
15341,1
15342,2
15343,1
15344,0
15345,2
15346,2
15347,1
15348,2
15349,0
15350,2
15351,2
15352,2
15353,0
15354,2
15355,2
15356,0
15357,0
15358,2
15359,2
15360,2
15361,1
15362,1
15363,2
15364,1
15365,2
15366,1
15367,1
15368,1
15369,1
15370,1
15371,0
15372,0
15373,1
15374,0
15375,1
15376,2
15377,0
15378,0
15379,1
15380,2
15381,1
15382,1
15383,1
15384,1
15385,2
15386,1
15387,1
15388,1
15389,2
15390,1
15391,1
15392,0
15393,1
15394,0
15395,0
15396,1
15397,0
15398,0
15399,1
15400,1
15401,1
15402,1
15403,1
15404,1
15405,1
15406,2
15407,1
15408,0
15409,1
15410,1
15411,1
15412,1
15413,1
15414,0
15415,1
15416,1
15417,2
15418,2
15419,0
15420,0
15421,1
15422,0
15423,0
15424,1
15425,1
15426,0
15427,1
15428,2
15429,1
15430,0
15431,1
15432,1
15433,1
15434,1
15435,1
15436,0
15437,1
15438,2
15439,1
15440,0
15441,0
15442,1
15443,0
15444,1
15445,0
15446,1
15447,1
15448,1
15449,1
15450,1
15451,1
15452,1
15453,1
15454,1
15455,1
15456,0
15457,0
15458,2
15459,2
15460,2
15461,2
15462,1
15463,1
15464,0
15465,0
15466,2
15467,0
15468,2
15469,0
15470,0
15471,0
15472,0
15473,1
15474,2
15475,2
15476,0
15477,0
15478,2
15479,1
15480,0
15481,2
15482,2
15483,1
15484,1
15485,2
15486,1
15487,0
15488,1
15489,1
15490,2
15491,1
15492,1
15493,1
15494,1
15495,1
15496,0
15497,1
15498,1
15499,0
15500,0
15501,2
15502,0
15503,1
15504,2
15505,2
15506,0
15507,1
15508,2
15509,2
15510,2
15511,1
15512,2
15513,2
15514,1
15515,1
15516,1
15517,0
15518,1
15519,1
15520,2
15521,2
15522,2
15523,1
15524,0
15525,1
15526,0
15527,2
15528,2
15529,1
15530,2
15531,1
15532,1
15533,1
15534,1
15535,1
15536,1
15537,0
15538,0
15539,1
15540,2
15541,2
15542,1
15543,0
15544,0
15545,1
15546,0
15547,2
15548,1
15549,0
15550,1
15551,2
15552,1
15553,1
15554,0
15555,2
15556,2
15557,0
15558,0
15559,1
15560,0
15561,1
15562,1
15563,2
15564,0
15565,1
15566,2
15567,2
15568,1
15569,1
15570,0
15571,0
15572,2
15573,1
15574,1
15575,1
15576,2
15577,0
15578,1
15579,2
15580,2
15581,1
15582,1
15583,2
15584,0
15585,1
15586,1
15587,1
15588,2
15589,2
15590,2
15591,1
15592,0
15593,1
15594,0
15595,0
15596,2
15597,1
15598,2
15599,0
15600,1
15601,1
15602,1
15603,0
15604,1
15605,1
15606,2
15607,2
15608,1
15609,0
15610,0
15611,1
15612,0
15613,1
15614,1
15615,0
15616,0
15617,1
15618,2
15619,2
15620,1
15621,1
15622,2
15623,1
15624,0
15625,0
15626,1
15627,2
15628,1
15629,1
15630,2
15631,1
15632,0
15633,1
15634,1
15635,1
15636,1
15637,1
15638,0
15639,1
15640,2
15641,2
15642,0
15643,2
15644,1
15645,1
15646,1
15647,0
15648,0
15649,0
15650,1
15651,1
15652,0
15653,0
15654,2
15655,0
15656,2
15657,2
15658,1
15659,2
15660,1
15661,1
15662,0
15663,1
15664,1
15665,2
15666,1
15667,0
15668,1
15669,2
15670,1
15671,1
15672,1
15673,2
15674,0
15675,1
15676,0
15677,1
15678,1
15679,2
15680,2
15681,2
15682,0
15683,1
15684,2
15685,2
15686,1
15687,1
15688,1
15689,2
15690,1
15691,2
15692,1
15693,1
15694,0
15695,1
15696,2
15697,0
15698,1
15699,1
15700,1
15701,2
15702,1
15703,0
15704,2
15705,0
15706,1
15707,0
15708,2
15709,1
15710,1
15711,2
15712,0
15713,1
15714,1
15715,1
15716,0
15717,1
15718,0
15719,1
15720,1
15721,2
15722,2
15723,0
15724,2
15725,2
15726,2
15727,1
15728,0
15729,1
15730,2
15731,0
15732,1
15733,1
15734,0
15735,2
15736,1
15737,0
15738,1
15739,2
15740,0
15741,2
15742,0
15743,1
15744,2
15745,1
15746,2
15747,2
15748,1
15749,1
15750,1
15751,0
15752,2
15753,1
15754,1
15755,0
15756,2
15757,0
15758,1
15759,1
15760,1
15761,2
15762,1
15763,2
15764,1
15765,2
15766,2
15767,0
15768,1
15769,0
15770,1
15771,1
15772,0
15773,0
15774,2
15775,0
15776,1
15777,1
15778,2
15779,1
15780,0
15781,1
15782,1
15783,1
15784,0
15785,2
15786,2
15787,0
15788,0
15789,2
15790,1
15791,1
15792,2
15793,2
15794,2
15795,1
15796,0
15797,2
15798,1
15799,2
15800,1
15801,2
15802,2
15803,1
15804,2
15805,1
15806,1
15807,2
15808,1
15809,0
15810,1
15811,2
15812,1
15813,0
15814,2
15815,0
15816,1
15817,1
15818,0
15819,1
15820,0
15821,1
15822,1
15823,2
15824,0
15825,1
15826,1
15827,2
15828,1
15829,2
15830,2
15831,1
15832,1
15833,0
15834,0
15835,2
15836,1
15837,0
15838,1
15839,1
15840,2
15841,1
15842,1
15843,0
15844,0
15845,1
15846,2
15847,0
15848,1
15849,1
15850,0
15851,2
15852,2
15853,0
15854,2
15855,2
15856,1
15857,1
15858,0
15859,2
15860,0
15861,2
15862,0
15863,2
15864,1
15865,2
15866,0
15867,1
15868,2
15869,0
15870,1
15871,1
15872,1
15873,1
15874,1
15875,2
15876,1
15877,1
15878,2
15879,2
15880,1
15881,2
15882,0
15883,2
15884,2
15885,0
15886,0
15887,1
15888,1
15889,0
15890,0
15891,0
15892,0
15893,1
15894,0
15895,0
15896,0
15897,1
15898,2
15899,2
15900,0
15901,2
15902,0
15903,1
15904,0
15905,0
15906,0
15907,1
15908,1
15909,2
15910,2
15911,1
15912,2
15913,2
15914,1
15915,1
15916,1
15917,1
15918,1
15919,2
15920,2
15921,2
15922,2
15923,2
15924,1
15925,2
15926,1
15927,2
15928,1
15929,1
15930,2
15931,2
15932,1
15933,1
15934,2
15935,2
15936,1
15937,1
15938,1
15939,1
15940,2
15941,1
15942,0
15943,2
15944,1
15945,1
15946,0
15947,2
15948,1
15949,0
15950,1
15951,2
15952,2
15953,1
15954,1
15955,1
15956,1
15957,1
15958,0
15959,0
15960,1
15961,0
15962,2
15963,0
15964,2
15965,1
15966,1
15967,1
15968,1
15969,2
15970,1
15971,0
15972,1
15973,2
15974,1
15975,1
15976,1
15977,1
15978,0
15979,1
15980,2
15981,2
15982,1
15983,0
15984,1
15985,2
15986,1
15987,0
15988,1
15989,0
15990,1
15991,2
15992,0
15993,0
15994,0
15995,2
15996,1
15997,1
15998,1
15999,0
16000,2
16001,2
16002,1
16003,2
16004,1
16005,0
16006,0
16007,0
16008,0
16009,2
16010,0
16011,1
16012,1
16013,2
16014,2
16015,0
16016,0
16017,1
16018,2
16019,1
16020,0
16021,2
16022,0
16023,2
16024,2
16025,1
16026,1
16027,1
16028,2
16029,2
16030,0
16031,1
16032,0
16033,0
16034,2
16035,1
16036,1
16037,1
16038,1
16039,0
16040,2
16041,1
16042,0
16043,2
16044,0
16045,1
16046,2
16047,2
16048,0
16049,1
16050,0
16051,1
16052,1
16053,0
16054,0
16055,0
16056,2
16057,0
16058,1
16059,0
16060,1
16061,0
16062,2
16063,1
16064,0
16065,1
16066,2
16067,1
16068,2
16069,2
16070,1
16071,1
16072,1
16073,2
16074,1
16075,1
16076,2
16077,2
16078,2
16079,1
16080,0
16081,1
16082,0
16083,1
16084,2
16085,1
16086,0
16087,1
16088,0
16089,1
16090,2
16091,2
16092,2
16093,0
16094,0
16095,2
16096,1
16097,2
16098,1
16099,0
16100,0
16101,2
16102,1
16103,1
16104,1
16105,0
16106,1
16107,2
16108,0
16109,2
16110,2
16111,1
16112,1
16113,1
16114,1
16115,1
16116,0
16117,0
16118,2
16119,1
16120,1
16121,2
16122,1
16123,1
16124,1
16125,2
16126,1
16127,0
16128,1
16129,1
16130,1
16131,0
16132,2
16133,2
16134,2
16135,1
16136,1
16137,1
16138,1
16139,2
16140,2
16141,0
16142,0
16143,1
16144,0
16145,2
16146,1
16147,1
16148,1
16149,0
16150,2
16151,0
16152,1
16153,2
16154,1
16155,0
16156,1
16157,1
16158,1
16159,1
16160,1
16161,1
16162,2
16163,1
16164,2
16165,2
16166,2
16167,2
16168,1
16169,1
16170,0
16171,1
16172,0
16173,0
16174,1
16175,1
16176,1
16177,1
16178,2
16179,1
16180,2
16181,2
16182,2
16183,2
16184,2
16185,1
16186,1
16187,1
16188,2
16189,1
16190,1
16191,2
16192,2
16193,1
16194,1
16195,0
16196,0
16197,1
16198,2
16199,2
16200,1
16201,0
16202,1
16203,1
16204,2
16205,1
16206,1
16207,2
16208,1
16209,2
16210,0
16211,2
16212,1
16213,0
16214,1
16215,2
16216,2
16217,0
16218,1
16219,2
16220,1
16221,1
16222,1
16223,0
16224,1
16225,1
16226,1
16227,0
16228,1
16229,1
16230,0
16231,1
16232,2
16233,2
16234,1
16235,2
16236,0
16237,2
16238,2
16239,2
16240,2
16241,1
16242,0
16243,2
16244,1
16245,2
16246,2
16247,0
16248,0
16249,1
16250,1
16251,2
16252,2
16253,1
16254,2
16255,2
16256,0
16257,2
16258,2
16259,2
16260,1
16261,2
16262,1
16263,2
16264,1
16265,2
16266,1
16267,1
16268,1
16269,0
16270,1
16271,0
16272,2
16273,2
16274,0
16275,1
16276,0
16277,2
16278,2
16279,1
16280,2
16281,1
16282,1
16283,1
16284,1
16285,0
16286,1
16287,0
16288,2
16289,0
16290,1
16291,1
16292,1
16293,2
16294,2
16295,0
16296,2
16297,1
16298,2
16299,1
16300,0
16301,2
16302,2
16303,1
16304,2
16305,1
16306,1
16307,2
16308,1
16309,2
16310,0
16311,1
16312,1
16313,0
16314,0
16315,1
16316,2
16317,0
16318,1
16319,2
16320,1
16321,2
16322,2
16323,1
16324,1
16325,1
16326,1
16327,1
16328,2
16329,0
16330,2
16331,1
16332,2
16333,1
16334,2
16335,2
16336,1
16337,1
16338,2
16339,1
16340,1
16341,2
16342,0
16343,0
16344,1
16345,2
16346,1
16347,1
16348,2
16349,1
16350,1
16351,2
16352,1
16353,0
16354,2
16355,2
16356,0
16357,0
16358,2
16359,0
16360,2
16361,1
16362,2
16363,2
16364,1
16365,2
16366,1
16367,2
16368,1
16369,1
16370,0
16371,1
16372,1
16373,1
16374,2
16375,2
16376,0
16377,1
16378,1
16379,0
16380,0
16381,0
16382,1
16383,1
16384,1
16385,0
16386,2
16387,2
16388,1
16389,2
16390,1
16391,1
16392,0
16393,1
16394,2
16395,0
16396,0
16397,2
16398,0
16399,2
16400,2
16401,0
16402,0
16403,2
16404,0
16405,2
16406,2
16407,1
16408,2
16409,0
16410,2
16411,2
16412,2
16413,1
16414,2
16415,0
16416,1
16417,0
16418,2
16419,1
16420,1
16421,1
16422,1
16423,0
16424,1
16425,2
16426,1
16427,2
16428,1
16429,1
16430,0
16431,2
16432,1
16433,1
16434,2
16435,2
16436,2
16437,2
16438,0
16439,0
16440,1
16441,2
16442,2
16443,2
16444,2
16445,1
16446,1
16447,2
16448,1
16449,1
16450,0
16451,0
16452,1
16453,1
16454,2
16455,2
16456,0
16457,1
16458,1
16459,2
16460,2
16461,2
16462,0
16463,1
16464,0
16465,1
16466,1
16467,1
16468,2
16469,1
16470,2
16471,0
16472,0
16473,2
16474,1
16475,1
16476,1
16477,0
16478,0
16479,2
16480,2
16481,1
16482,1
16483,1
16484,2
16485,0
16486,1
16487,1
16488,1
16489,2
16490,0
16491,1
16492,2
16493,2
16494,1
16495,2
16496,1
16497,1
16498,2
16499,2
16500,2
16501,1
16502,1
16503,0
16504,0
16505,2
16506,1
16507,1
16508,1
16509,2
16510,2
16511,2
16512,2
16513,0
16514,1
16515,0
16516,0
16517,2
16518,0
16519,2
16520,2
16521,2
16522,1
16523,2
16524,0
16525,0
16526,2
16527,0
16528,0
16529,0
16530,1
16531,0
16532,1
16533,0
16534,1
16535,0
16536,1
16537,0
16538,2
16539,2
16540,2
16541,0
16542,1
16543,1
16544,0
16545,0
16546,1
16547,1
16548,1
16549,2
16550,1
16551,0
16552,1
16553,1
16554,1
16555,1
16556,2
16557,2
16558,1
16559,1
16560,0
16561,1
16562,2
16563,1
16564,1
16565,2
16566,0
16567,1
16568,0
16569,0
16570,1
16571,0
16572,1
16573,1
16574,0
16575,1
16576,1
16577,2
16578,1
16579,1
16580,2
16581,0
16582,1
16583,1
16584,1
16585,0
16586,0
16587,2
16588,1
16589,2
16590,2
16591,1
16592,0
16593,2
16594,2
16595,1
16596,2
16597,1
16598,1
16599,1
16600,1
16601,0
16602,1
16603,0
16604,0
16605,1
16606,0
16607,1
16608,1
16609,1
16610,1
16611,1
16612,2
16613,0
16614,2
16615,1
16616,1
16617,1
16618,2
16619,1
16620,2
16621,0
16622,2
16623,1
16624,1
16625,0
16626,0
16627,0
16628,1
16629,0
16630,1
16631,1
16632,1
16633,2
16634,1
16635,1
16636,0
16637,1
16638,0
16639,1
16640,2
16641,0
16642,0
16643,0
16644,1
16645,1
16646,0
16647,1
16648,2
16649,2
16650,1
16651,0
16652,1
16653,2
16654,2
16655,0
16656,2
16657,1
16658,0
16659,0
16660,1
16661,1
16662,0
16663,0
16664,0
16665,1
16666,1
16667,0
16668,1
16669,1
16670,2
16671,0
16672,1
16673,1
16674,2
16675,0
16676,2
16677,2
16678,1
16679,2
16680,1
16681,2
16682,0
16683,1
16684,1
16685,1
16686,1
16687,2
16688,0
16689,0
16690,2
16691,2
16692,1
16693,0
16694,2
16695,0
16696,2
16697,0
16698,0
16699,0
16700,1
16701,1
16702,0
16703,2
16704,0
16705,1
16706,0
16707,2
16708,1
16709,0
16710,1
16711,1
16712,2
16713,1
16714,1
16715,1
16716,0
16717,1
16718,0
16719,2
16720,1
16721,0
16722,2
16723,0
16724,1
16725,0
16726,2
16727,2
16728,2
16729,2
16730,2
16731,2
16732,2
16733,0
16734,2
16735,2
16736,1
16737,2
16738,2
16739,1
16740,0
16741,0
16742,1
16743,1
16744,1
16745,2
16746,1
16747,2
16748,2
16749,2
16750,1
16751,1
16752,2
16753,2
16754,0
16755,1
16756,2
16757,1
16758,2
16759,2
16760,1
16761,0
16762,0
16763,0
16764,2
16765,2
16766,1
16767,1
16768,2
16769,1
16770,2
16771,1
16772,1
16773,2
16774,2
16775,0
16776,1
16777,1
16778,0
16779,2
16780,0
16781,1
16782,2
16783,2
16784,0
16785,1
16786,2
16787,1
16788,0
16789,2
16790,0
16791,2
16792,1
16793,1
16794,1
16795,1
16796,1
16797,0
16798,2
16799,2
16800,0
16801,1
16802,1
16803,2
16804,0
16805,0
16806,1
16807,2
16808,0
16809,0
16810,1
16811,1
16812,1
16813,1
16814,2
16815,0
16816,2
16817,1
16818,1
16819,0
16820,2
16821,0
16822,0
16823,2
16824,1
16825,2
16826,1
16827,2
16828,0
16829,2
16830,1
16831,2
16832,1
16833,1
16834,1
16835,0
16836,2
16837,0
16838,1
16839,2
16840,2
16841,1
16842,0
16843,0
16844,0
16845,1
16846,1
16847,1
16848,1
16849,2
16850,0
16851,1
16852,1
16853,1
16854,2
16855,1
16856,1
16857,2
16858,0
16859,0
16860,2
16861,1
16862,1
16863,0
16864,2
16865,1
16866,1
16867,2
16868,1
16869,1
16870,1
16871,2
16872,2
16873,2
16874,1
16875,1
16876,1
16877,0
16878,1
16879,1
16880,2
16881,1
16882,2
16883,2
16884,2
16885,2
16886,1
16887,1
16888,2
16889,0
16890,1
16891,2
16892,1
16893,1
16894,2
16895,1
16896,1
16897,2
16898,2
16899,2
16900,1
16901,0
16902,1
16903,0
16904,0
16905,0
16906,2
16907,1
16908,2
16909,1
16910,2
16911,2
16912,2
16913,1
16914,2
16915,1
16916,2
16917,2
16918,1
16919,2
16920,2
16921,0
16922,1
16923,2
16924,2
16925,2
16926,2
16927,2
16928,1
16929,1
16930,0
16931,2
16932,0
16933,2
16934,0
16935,0
16936,1
16937,2
16938,2
16939,0
16940,0
16941,2
16942,2
16943,2
16944,0
16945,2
16946,2
16947,1
16948,2
16949,0
16950,0
16951,0
16952,1
16953,1
16954,2
16955,0
16956,1
16957,1
16958,1
16959,2
16960,0
16961,1
16962,2
16963,2
16964,0
16965,0
16966,0
16967,1
16968,1
16969,1
16970,2
16971,1
16972,1
16973,1
16974,2
16975,2
16976,2
16977,1
16978,1
16979,2
16980,0
16981,2
16982,2
16983,2
16984,1
16985,2
16986,2
16987,1
16988,0
16989,2
16990,1
16991,1
16992,2
16993,2
16994,1
16995,2
16996,2
16997,1
16998,2
16999,2
17000,0
17001,2
17002,1
17003,2
17004,2
17005,1
17006,1
17007,2
17008,1
17009,1
17010,0
17011,1
17012,1
17013,1
17014,1
17015,0
17016,0
17017,1
17018,1
17019,1
17020,1
17021,2
17022,0
17023,2
17024,0
17025,1
17026,0
17027,1
17028,1
17029,2
17030,2
17031,1
17032,0
17033,0
17034,0
17035,2
17036,2
17037,0
17038,2
17039,1
17040,1
17041,2
17042,2
17043,2
17044,1
17045,1
17046,2
17047,0
17048,0
17049,1
17050,1
17051,2
17052,1
17053,2
17054,2
17055,2
17056,2
17057,1
17058,2
17059,2
17060,1
17061,1
17062,1
17063,1
17064,0
17065,1
17066,1
17067,2
17068,2
17069,0
17070,1
17071,0
17072,2
17073,2
17074,2
17075,2
17076,1
17077,1
17078,2
17079,1
17080,1
17081,1
17082,0
17083,1
17084,0
17085,1
17086,2
17087,1
17088,2
17089,2
17090,2
17091,2
17092,0
17093,1
17094,2
17095,2
17096,1
17097,0
17098,2
17099,0
17100,2
17101,2
17102,2
17103,1
17104,0
17105,0
17106,2
17107,2
17108,1
17109,0
17110,2
17111,0
17112,2
17113,2
17114,0
17115,2
17116,0
17117,1
17118,1
17119,1
17120,1
17121,1
17122,2
17123,1
17124,2
17125,0
17126,0
17127,2
17128,2
17129,1
17130,1
17131,2
17132,1
17133,2
17134,1
17135,1
17136,0
17137,1
17138,2
17139,1
17140,2
17141,1
17142,2
17143,1
17144,1
17145,1
17146,1
17147,2
17148,1
17149,2
17150,1
17151,2
17152,1
17153,1
17154,2
17155,2
17156,1
17157,2
17158,1
17159,1
17160,2
17161,0
17162,1
17163,2
17164,1
17165,2
17166,2
17167,0
17168,0
17169,1
17170,1
17171,2
17172,2
17173,0
17174,1
17175,2
17176,0
17177,1
17178,1
17179,0
17180,2
17181,0
17182,1
17183,2
17184,1
17185,1
17186,1
17187,2
17188,2
17189,0
17190,1
17191,2
17192,2
17193,1
17194,0
17195,1
17196,1
17197,2
17198,1
17199,0
17200,0
17201,2
17202,0
17203,2
17204,2
17205,2
17206,2
17207,2
17208,1
17209,0
17210,0
17211,1
17212,2
17213,1
17214,1
17215,2
17216,2
17217,1
17218,1
17219,1
17220,0
17221,1
17222,1
17223,0
17224,0
17225,2
17226,0
17227,2
17228,2
17229,2
17230,2
17231,1
17232,2
17233,2
17234,1
17235,2
17236,0
17237,0
17238,2
17239,0
17240,2
17241,1
17242,1
17243,2
17244,2
17245,1
17246,0
17247,2
17248,1
17249,1
17250,1
17251,2
17252,1
17253,0
17254,1
17255,1
17256,1
17257,1
17258,1
17259,1
17260,0
17261,0
17262,0
17263,1
17264,1
17265,1
17266,1
17267,1
17268,1
17269,0
17270,1
17271,1
17272,0
17273,1
17274,0
17275,0
17276,2
17277,1
17278,2
17279,0
17280,1
17281,1
17282,2
17283,0
17284,1
17285,1
17286,0
17287,1
17288,2
17289,1
17290,2
17291,1
17292,2
17293,2
17294,2
17295,1
17296,1
17297,1
17298,1
17299,1
17300,1
17301,0
17302,0
17303,0
17304,0
17305,0
17306,2
17307,1
17308,2
17309,1
17310,1
17311,2
17312,1
17313,2
17314,2
17315,1
17316,1
17317,1
17318,0
17319,0
17320,1
17321,2
17322,2
17323,2
17324,1
17325,2
17326,0
17327,2
17328,1
17329,1
17330,2
17331,1
17332,2
17333,2
17334,1
17335,0
17336,0
17337,0
17338,2
17339,1
17340,1
17341,1
17342,1
17343,1
17344,0
17345,0
17346,1
17347,1
17348,1
17349,1
17350,2
17351,1
17352,0
17353,2
17354,1
17355,0
17356,1
17357,1
17358,0
17359,1
17360,1
17361,1
17362,2
17363,1
17364,1
17365,0
17366,2
17367,2
17368,1
17369,2
17370,2
17371,1
17372,0
17373,1
17374,0
17375,2
17376,0
17377,1
17378,2
17379,1
17380,2
17381,0
17382,2
17383,2
17384,2
17385,1
17386,0
17387,2
17388,0
17389,2
17390,2
17391,0
17392,2
17393,2
17394,0
17395,1
17396,0
17397,0
17398,1
17399,2
17400,1
17401,1
17402,1
17403,1
17404,2
17405,1
17406,0
17407,1
17408,0
17409,1
17410,2
17411,2
17412,2
17413,2
17414,0
17415,1
17416,0
17417,0
17418,2
17419,0
17420,1
17421,2
17422,2
17423,1
17424,2
17425,1
17426,1
17427,0
17428,2
17429,2
17430,0
17431,1
17432,0
17433,0
17434,1
17435,2
17436,0
17437,1
17438,2
17439,1
17440,0
17441,1
17442,1
17443,0
17444,2
17445,0
17446,2
17447,2
17448,0
17449,1
17450,1
17451,2
17452,1
17453,1
17454,1
17455,1
17456,1
17457,2
17458,0
17459,1
17460,0
17461,1
17462,1
17463,1
17464,2
17465,2
17466,1
17467,1
17468,1
17469,1
17470,0
17471,1
17472,1
17473,1
17474,1
17475,2
17476,0
17477,1
17478,0
17479,0
17480,2
17481,2
17482,2
17483,1
17484,0
17485,0
17486,0
17487,2
17488,1
17489,2
17490,2
17491,1
17492,2
17493,2
17494,1
17495,0
17496,2
17497,1
17498,1
17499,2
17500,1
17501,1
17502,2
17503,0
17504,0
17505,1
17506,0
17507,1
17508,0
17509,1
17510,1
17511,0
17512,2
17513,0
17514,1
17515,2
17516,1
17517,1
17518,0
17519,1
17520,2
17521,0
17522,2
17523,1
17524,2
17525,1
17526,1
17527,2
17528,0
17529,0
17530,1
17531,2
17532,2
17533,0
17534,0
17535,2
17536,2
17537,1
17538,0
17539,0
17540,2
17541,2
17542,2
17543,2
17544,0
17545,1
17546,0
17547,1
17548,0
17549,1
17550,2
17551,1
17552,2
17553,2
17554,0
17555,2
17556,1
17557,2
17558,2
17559,1
17560,0
17561,2
17562,1
17563,1
17564,1
17565,1
17566,2
17567,1
17568,2
17569,1
17570,2
17571,2
17572,1
17573,1
17574,2
17575,2
17576,0
17577,1
17578,0
17579,0
17580,1
17581,1
17582,2
17583,0
17584,0
17585,1
17586,2
17587,2
17588,1
17589,1
17590,1
17591,1
17592,1
17593,0
17594,2
17595,2
17596,2
17597,2
17598,0
17599,2
17600,2
17601,1
17602,1
17603,2
17604,1
17605,2
17606,0
17607,1
17608,2
17609,0
17610,2
17611,0
17612,1
17613,1
17614,0
17615,0
17616,1
17617,0
17618,1
17619,1
17620,0
17621,2
17622,1
17623,0
17624,0
17625,0
17626,0
17627,2
17628,1
17629,0
17630,1
17631,2
17632,2
17633,0
17634,1
17635,1
17636,2
17637,2
17638,1
17639,1
17640,1
17641,2
17642,1
17643,0
17644,1
17645,1
17646,0
17647,0
17648,2
17649,2
17650,1
17651,1
17652,1
17653,1
17654,1
17655,2
17656,1
17657,0
17658,2
17659,1
17660,1
17661,1
17662,0
17663,1
17664,1
17665,1
17666,1
17667,2
17668,0
17669,2
17670,2
17671,2
17672,2
17673,1
17674,1
17675,2
17676,1
17677,2
17678,1
17679,1
17680,0
17681,1
17682,2
17683,1
17684,2
17685,2
17686,2
17687,1
17688,2
17689,2
17690,2
17691,1
17692,1
17693,1
17694,1
17695,2
17696,2
17697,2
17698,1
17699,2
17700,2
17701,2
17702,1
17703,0
17704,1
17705,0
17706,1
17707,2
17708,0
17709,1
17710,1
17711,1
17712,1
17713,1
17714,2
17715,1
17716,0
17717,0
17718,0
17719,1
17720,2
17721,0
17722,2
17723,1
17724,2
17725,1
17726,2
17727,2
17728,1
17729,1
17730,2
17731,1
17732,1
17733,2
17734,0
17735,1
17736,2
17737,0
17738,1
17739,1
17740,1
17741,1
17742,2
17743,0
17744,2
17745,2
17746,2
17747,2
17748,0
17749,2
17750,1
17751,0
17752,0
17753,2
17754,0
17755,2
17756,0
17757,1
17758,0
17759,2
17760,2
17761,1
17762,0
17763,0
17764,0
17765,1
17766,1
17767,2
17768,2
17769,2
17770,0
17771,0
17772,1
17773,1
17774,2
17775,1
17776,0
17777,0
17778,0
17779,1
17780,1
17781,2
17782,2
17783,1
17784,1
17785,2
17786,2
17787,1
17788,1
17789,2
17790,0
17791,2
17792,0
17793,1
17794,1
17795,0
17796,2
17797,1
17798,0
17799,2
17800,0
17801,1
17802,0
17803,2
17804,1
17805,1
17806,2
17807,1
17808,2
17809,2
17810,0
17811,2
17812,2
17813,1
17814,0
17815,1
17816,1
17817,0
17818,2
17819,2
17820,1
17821,0
17822,0
17823,1
17824,0
17825,1
17826,2
17827,0
17828,2
17829,2
17830,0
17831,1
17832,1
17833,2
17834,2
17835,1
17836,2
17837,0
17838,0
17839,2
17840,1
17841,1
17842,1
17843,2
17844,2
17845,2
17846,0
17847,1
17848,1
17849,1
17850,1
17851,1
17852,0
17853,2
17854,1
17855,1
17856,2
17857,1
17858,2
17859,0
17860,2
17861,0
17862,0
17863,2
17864,2
17865,1
17866,2
17867,2
17868,1
17869,2
17870,1
17871,2
17872,1
17873,0
17874,0
17875,2
17876,1
17877,1
17878,1
17879,0
17880,2
17881,0
17882,1
17883,0
17884,1
17885,2
17886,2
17887,0
17888,0
17889,1
17890,1
17891,0
17892,2
17893,2
17894,0
17895,2
17896,2
17897,1
17898,1
17899,1
17900,1
17901,0
17902,1
17903,2
17904,1
17905,2
17906,1
17907,1
17908,2
17909,2
17910,2
17911,1
17912,1
17913,0
17914,1
17915,2
17916,2
17917,2
17918,2
17919,2
17920,2
17921,0
17922,2
17923,1
17924,2
17925,1
17926,2
17927,1
17928,1
17929,0
17930,2
17931,1
17932,2
17933,1
17934,1
17935,1
17936,0
17937,0
17938,1
17939,2
17940,2
17941,1
17942,1
17943,1
17944,1
17945,2
17946,2
17947,0
17948,1
17949,1
17950,1
17951,2
17952,1
17953,1
17954,1
17955,0
17956,1
17957,2
17958,2
17959,1
17960,0
17961,2
17962,1
17963,2
17964,2
17965,1
17966,2
17967,0
17968,0
17969,1
17970,2
17971,1
17972,2
17973,2
17974,1
17975,1
17976,1
17977,2
17978,0
17979,1
17980,1
17981,2
17982,1
17983,2
17984,1
17985,1
17986,0
17987,1
17988,1
17989,2
17990,1
17991,0
17992,1
17993,1
17994,1
17995,2
17996,1
17997,0
17998,0
17999,0
18000,0
18001,0
18002,1
18003,1
18004,0
18005,0
18006,2
18007,1
18008,0
18009,1
18010,1
18011,1
18012,0
18013,1
18014,0
18015,2
18016,1
18017,1
18018,2
18019,1
18020,1
18021,2
18022,0
18023,2
18024,2
18025,0
18026,0
18027,2
18028,2
18029,0
18030,0
18031,1
18032,2
18033,0
18034,1
18035,1
18036,0
18037,2
18038,0
18039,2
18040,2
18041,2
18042,1
18043,1
18044,0
18045,1
18046,1
18047,1
18048,0
18049,1
18050,1
18051,2
18052,2
18053,0
18054,1
18055,2
18056,0
18057,2
18058,1
18059,1
18060,2
18061,2
18062,2
18063,1
18064,1
18065,1
18066,1
18067,2
18068,1
18069,0
18070,0
18071,2
18072,2
18073,2
18074,1
18075,0
18076,1
18077,0
18078,1
18079,0
18080,1
18081,1
18082,1
18083,2
18084,2
18085,1
18086,1
18087,2
18088,2
18089,0
18090,1
18091,1
18092,1
18093,1
18094,1
18095,0
18096,0
18097,1
18098,2
18099,1
18100,1
18101,2
18102,1
18103,0
18104,1
18105,2
18106,1
18107,1
18108,1
18109,2
18110,1
18111,2
18112,0
18113,2
18114,1
18115,2
18116,2
18117,1
18118,2
18119,2
18120,2
18121,2
18122,1
18123,1
18124,1
18125,2
18126,0
18127,0
18128,0
18129,2
18130,2
18131,2
18132,2
18133,2
18134,2
18135,2
18136,0
18137,1
18138,2
18139,2
18140,1
18141,1
18142,1
18143,2
18144,2
18145,2
18146,0
18147,2
18148,2
18149,2
18150,2
18151,0
18152,1
18153,0
18154,1
18155,1
18156,1
18157,2
18158,1
18159,1
18160,2
18161,2
18162,0
18163,0
18164,1
18165,1
18166,0
18167,0
18168,2
18169,1
18170,0
18171,0
18172,2
18173,1
18174,2
18175,2
18176,2
18177,2
18178,1
18179,2
18180,2
18181,2
18182,1
18183,1
18184,2
18185,2
18186,1
18187,1
18188,0
18189,1
18190,1
18191,1
18192,2
18193,2
18194,1
18195,0
18196,0
18197,2
18198,0
18199,1
18200,2
18201,2
18202,0
18203,0
18204,2
18205,2
18206,0
18207,1
18208,2
18209,0
18210,2
18211,1
18212,1
18213,1
18214,2
18215,2
18216,2
18217,1
18218,1
18219,0
18220,1
18221,1
18222,2
18223,2
18224,0
18225,1
18226,1
18227,1
18228,2
18229,2
18230,2
18231,2
18232,1
18233,1
18234,2
18235,1
18236,2
18237,1
18238,1
18239,1
18240,2
18241,0
18242,0
18243,2
18244,2
18245,2
18246,1
18247,2
18248,1
18249,1
18250,2
18251,2
18252,1
18253,2
18254,1
18255,1
18256,1
18257,1
18258,1
18259,2
18260,1
18261,2
18262,2
18263,2
18264,1
18265,1
18266,1
18267,2
18268,1
18269,2
18270,1
18271,0
18272,0
18273,2
18274,1
18275,1
18276,1
18277,1
18278,2
18279,0
18280,0
18281,2
18282,2
18283,2
18284,2
18285,0
18286,0
18287,2
18288,1
18289,1
18290,1
18291,1
18292,1
18293,1
18294,1
18295,2
18296,0
18297,2
18298,1
18299,1
18300,2
18301,2
18302,2
18303,2
18304,1
18305,1
18306,2
18307,1
18308,0
18309,2
18310,2
18311,2
18312,0
18313,2
18314,1
18315,1
18316,0
18317,2
18318,0
18319,1
18320,1
18321,1
18322,1
18323,2
18324,0
18325,2
18326,1
18327,1
18328,1
18329,1
18330,2
18331,1
18332,1
18333,2
18334,1
18335,1
18336,2
18337,0
18338,2
18339,1
18340,1
18341,2
18342,2
18343,1
18344,0
18345,1
18346,2
18347,2
18348,2
18349,0
18350,2
18351,1
18352,1
18353,2
18354,0
18355,0
18356,1
18357,0
18358,2
18359,1
18360,0
18361,2
18362,2
18363,2
18364,0
18365,1
18366,1
18367,1
18368,0
18369,1
18370,0
18371,1
18372,1
18373,1
18374,2
18375,0
18376,1
18377,1
18378,0
18379,2
18380,1
18381,1
18382,0
18383,2
18384,1
18385,0
18386,0
18387,0
18388,2
18389,1
18390,0
18391,1
18392,2
18393,2
18394,1
18395,0
18396,1
18397,2
18398,2
18399,0
18400,1
18401,2
18402,1
18403,2
18404,1
18405,0
18406,2
18407,1
18408,1
18409,2
18410,1
18411,0
18412,1
18413,0
18414,2
18415,1
18416,2
18417,2
18418,0
18419,2
18420,2
18421,1
18422,0
18423,2
18424,1
18425,2
18426,2
18427,1
18428,2
18429,0
18430,2
18431,1
18432,1
18433,0
18434,1
18435,0
18436,0
18437,2
18438,1
18439,2
18440,2
18441,0
18442,2
18443,2
18444,2
18445,2
18446,2
18447,0
18448,1
18449,0
18450,1
18451,1
18452,2
18453,2
18454,0
18455,0
18456,0
18457,2
18458,1
18459,0
18460,1
18461,0
18462,1
18463,2
18464,2
18465,0
18466,1
18467,2
18468,0
18469,1
18470,2
18471,2
18472,0
18473,2
18474,1
18475,0
18476,1
18477,0
18478,1
18479,0
18480,1
18481,1
18482,2
18483,1
18484,0
18485,0
18486,2
18487,2
18488,0
18489,2
18490,0
18491,2
18492,0
18493,1
18494,1
18495,0
18496,0
18497,0
18498,2
18499,0
18500,0
18501,2
18502,2
18503,1
18504,2
18505,1
18506,0
18507,0
18508,1
18509,0
18510,2
18511,0
18512,2
18513,0
18514,1
18515,0
18516,1
18517,2
18518,2
18519,2
18520,1
18521,1
18522,2
18523,2
18524,1
18525,2
18526,0
18527,2
18528,1
18529,1
18530,1
18531,2
18532,2
18533,1
18534,2
18535,1
18536,1
18537,1
18538,2
18539,2
18540,1
18541,1
18542,1
18543,2
18544,1
18545,1
18546,1
18547,0
18548,1
18549,1
18550,0
18551,0
18552,0
18553,0
18554,2
18555,2
18556,1
18557,2
18558,0
18559,2
18560,0
18561,2
18562,1
18563,1
18564,2
18565,1
18566,2
18567,1
18568,1
18569,2
18570,1
18571,1
18572,2
18573,0
18574,2
18575,1
18576,1
18577,0
18578,2
18579,2
18580,1
18581,2
18582,1
18583,0
18584,0
18585,0
18586,2
18587,1
18588,0
18589,0
18590,1
18591,1
18592,1
18593,2
18594,2
18595,2
18596,2
18597,1
18598,1
18599,2
18600,1
18601,0
18602,2
18603,1
18604,2
18605,0
18606,2
18607,2
18608,2
18609,1
18610,2
18611,1
18612,2
18613,2
18614,2
18615,0
18616,1
18617,2
18618,2
18619,1
18620,1
18621,1
18622,1
18623,1
18624,0
18625,2
18626,0
18627,2
18628,2
18629,1
18630,0
18631,1
18632,0
18633,2
18634,1
18635,0
18636,2
18637,0
18638,2
18639,1
18640,1
18641,0
18642,1
18643,0
18644,0
18645,1
18646,1
18647,2
18648,1
18649,1
18650,0
18651,1
18652,2
18653,2
18654,2
18655,2
18656,2
18657,1
18658,1
18659,0
18660,1
18661,1
18662,1
18663,0
18664,1
18665,1
18666,2
18667,1
18668,0
18669,2
18670,1
18671,1
18672,2
18673,1
18674,1
18675,2
18676,0
18677,1
18678,0
18679,2
18680,0
18681,2
18682,1
18683,2
18684,2
18685,1
18686,1
18687,1
18688,1
18689,1
18690,0
18691,2
18692,1
18693,0
18694,0
18695,0
18696,1
18697,0
18698,0
18699,1
18700,0
18701,2
18702,2
18703,2
18704,1
18705,1
18706,2
18707,1
18708,1
18709,1
18710,2
18711,2
18712,2
18713,2
18714,1
18715,1
18716,1
18717,1
18718,2
18719,1
18720,1
18721,2
18722,2
18723,1
18724,2
18725,1
18726,0
18727,0
18728,2
18729,0
18730,2
18731,1
18732,2
18733,0
18734,2
18735,2
18736,1
18737,1
18738,2
18739,2
18740,2
18741,2
18742,0
18743,2
18744,2
18745,0
18746,1
18747,1
18748,2
18749,1
18750,2
18751,1
18752,1
18753,2
18754,1
18755,2
18756,2
18757,0
18758,1
18759,1
18760,2
18761,1
18762,1
18763,2
18764,1
18765,1
18766,1
18767,2
18768,0
18769,0
18770,0
18771,1
18772,2
18773,1
18774,0
18775,1
18776,0
18777,0
18778,2
18779,1
18780,0
18781,2
18782,2
18783,0
18784,2
18785,2
18786,1
18787,1
18788,1
18789,2
18790,2
18791,1
18792,0
18793,1
18794,1
18795,1
18796,1
18797,2
18798,1
18799,1
18800,2
18801,1
18802,1
18803,2
18804,1
18805,2
18806,2
18807,2
18808,2
18809,1
18810,2
18811,1
18812,0
18813,1
18814,0
18815,2
18816,2
18817,0
18818,2
18819,2
18820,2
18821,0
18822,1
18823,1
18824,2
18825,0
18826,1
18827,1
18828,1
18829,0
18830,1
18831,0
18832,1
18833,1
18834,0
18835,1
18836,1
18837,0
18838,1
18839,0
18840,1
18841,2
18842,1
18843,2
18844,1
18845,2
18846,1
18847,2
18848,2
18849,0
18850,1
18851,1
18852,2
18853,2
18854,0
18855,1
18856,1
18857,1
18858,0
18859,2
18860,2
18861,0
18862,1
18863,1
18864,1
18865,1
18866,1
18867,1
18868,1
18869,0
18870,2
18871,1
18872,2
18873,2
18874,2
18875,0
18876,1
18877,2
18878,2
18879,2
18880,1
18881,1
18882,1
18883,1
18884,2
18885,0
18886,1
18887,2
18888,2
18889,1
18890,0
18891,1
18892,0
18893,2
18894,1
18895,0
18896,2
18897,0
18898,2
18899,2
18900,0
18901,2
18902,1
18903,0
18904,1
18905,0
18906,2
18907,2
18908,2
18909,1
18910,1
18911,0
18912,1
18913,1
18914,1
18915,1
18916,0
18917,1
18918,0
18919,1
18920,0
18921,2
18922,1
18923,0
18924,1
18925,1
18926,2
18927,2
18928,0
18929,1
18930,1
18931,1
18932,0
18933,1
18934,1
18935,2
18936,2
18937,1
18938,0
18939,0
18940,1
18941,2
18942,0
18943,0
18944,1
18945,2
18946,0
18947,0
18948,2
18949,1
18950,1
18951,2
18952,1
18953,0
18954,1
18955,1
18956,2
18957,0
18958,2
18959,1
18960,2
18961,2
18962,1
18963,2
18964,2
18965,1
18966,0
18967,1
18968,1
18969,1
18970,1
18971,0
18972,0
18973,1
18974,1
18975,0
18976,2
18977,2
18978,1
18979,0
18980,2
18981,1
18982,0
18983,2
18984,1
18985,1
18986,1
18987,2
18988,1
18989,1
18990,0
18991,0
18992,1
18993,1
18994,0
18995,0
18996,2
18997,1
18998,1
18999,1
19000,2
19001,2
19002,2
19003,1
19004,2
19005,1
19006,2
19007,0
19008,1
19009,1
19010,2
19011,0
19012,1
19013,2
19014,0
19015,2
19016,2
19017,2
19018,0
19019,0
19020,0
19021,1
19022,2
19023,1
19024,2
19025,1
19026,2
19027,1
19028,1
19029,0
19030,1
19031,2
19032,2
19033,1
19034,1
19035,2
19036,2
19037,1
19038,2
19039,2
19040,1
19041,1
19042,1
19043,1
19044,0
19045,1
19046,1
19047,2
19048,1
19049,2
19050,2
19051,1
19052,2
19053,0
19054,1
19055,2
19056,2
19057,2
19058,0
19059,1
19060,1
19061,1
19062,1
19063,2
19064,1
19065,1
19066,1
19067,0
19068,2
19069,0
19070,0
19071,2
19072,1
19073,0
19074,2
19075,1
19076,1
19077,1
19078,0
19079,0
19080,2
19081,2
19082,2
19083,1
19084,1
19085,2
19086,1
19087,2
19088,1
19089,1
19090,2
19091,1
19092,1
19093,1
19094,2
19095,1
19096,1
19097,1
19098,1
19099,0
19100,0
19101,2
19102,0
19103,2
19104,1
19105,2
19106,1
19107,0
19108,1
19109,1
19110,2
19111,0
19112,0
19113,0
19114,2
19115,1
19116,2
19117,0
19118,0
19119,0
19120,1
19121,2
19122,0
19123,1
19124,0
19125,1
19126,1
19127,2
19128,2
19129,1
19130,0
19131,1
19132,0
19133,0
19134,1
19135,1
19136,1
19137,2
19138,2
19139,2
19140,2
19141,1
19142,1
19143,1
19144,1
19145,1
19146,2
19147,2
19148,2
19149,0
19150,1
19151,2
19152,2
19153,1
19154,2
19155,1
19156,1
19157,0
19158,2
19159,2
19160,0
19161,1
19162,2
19163,0
19164,0
19165,2
19166,0
19167,1
19168,1
19169,1
19170,2
19171,2
19172,2
19173,1
19174,1
19175,1
19176,2
19177,1
19178,1
19179,2
19180,0
19181,2
19182,2
19183,1
19184,1
19185,0
19186,2
19187,0
19188,1
19189,1
19190,0
19191,2
19192,1
19193,0
19194,2
19195,2
19196,1
19197,1
19198,0
19199,2
19200,2
19201,2
19202,1
19203,1
19204,0
19205,2
19206,0
19207,1
19208,1
19209,1
19210,0
19211,2
19212,0
19213,0
19214,1
19215,0
19216,1
19217,1
19218,1
19219,1
19220,1
19221,2
19222,2
19223,1
19224,2
19225,1
19226,1
19227,1
19228,1
19229,2
19230,2
19231,1
19232,1
19233,0
19234,1
19235,1
19236,2
19237,2
19238,2
19239,0
19240,2
19241,0
19242,2
19243,2
19244,2
19245,0
19246,0
19247,1
19248,1
19249,1
19250,1
19251,2
19252,0
19253,2
19254,0
19255,0
19256,2
19257,0
19258,2
19259,1
19260,0
19261,2
19262,2
19263,2
19264,2
19265,2
19266,0
19267,2
19268,2
19269,2
19270,1
19271,2
19272,1
19273,1
19274,1
19275,2
19276,2
19277,1
19278,1
19279,0
19280,1
19281,2
19282,1
19283,1
19284,2
19285,1
19286,2
19287,1
19288,0
19289,1
19290,0
19291,0
19292,0
19293,2
19294,2
19295,1
19296,1
19297,1
19298,2
19299,0
19300,2
19301,2
19302,2
19303,0
19304,0
19305,2
19306,1
19307,1
19308,1
19309,0
19310,1
19311,1
19312,2
19313,2
19314,1
19315,1
19316,2
19317,2
19318,2
19319,2
19320,2
19321,1
19322,2
19323,2
19324,2
19325,2
19326,2
19327,2
19328,1
19329,1
19330,1
19331,0
19332,1
19333,2
19334,2
19335,1
19336,1
19337,0
19338,1
19339,2
19340,1
19341,2
19342,1
19343,0
19344,2
19345,1
19346,1
19347,0
19348,2
19349,2
19350,1
19351,0
19352,1
19353,1
19354,1
19355,1
19356,2
19357,1
19358,0
19359,1
19360,1
19361,1
19362,1
19363,1
19364,1
19365,2
19366,1
19367,0
19368,2
19369,2
19370,1
19371,0
19372,1
19373,1
19374,2
19375,2
19376,1
19377,2
19378,0
19379,1
19380,1
19381,1
19382,2
19383,0
19384,1
19385,1
19386,1
19387,0
19388,1
19389,1
19390,2
19391,1
19392,2
19393,0
19394,0
19395,2
19396,2
19397,1
19398,2
19399,0
19400,1
19401,0
19402,0
19403,0
19404,0
19405,0
19406,0
19407,2
19408,1
19409,0
19410,1
19411,2
19412,0
19413,1
19414,2
19415,0
19416,1
19417,1
19418,0
19419,1
19420,2
19421,2
19422,1
19423,0
19424,0
19425,2
19426,0
19427,1
19428,1
19429,1
19430,1
19431,2
19432,1
19433,1
19434,2
19435,1
19436,0
19437,0
19438,2
19439,0
19440,0
19441,1
19442,0
19443,2
19444,1
19445,2
19446,1
19447,1
19448,1
19449,2
19450,1
19451,2
19452,2
19453,2
19454,2
19455,2
19456,1
19457,2
19458,0
19459,0
19460,2
19461,2
19462,1
19463,0
19464,2
19465,0
19466,0
19467,1
19468,2
19469,1
19470,0
19471,0
19472,0
19473,0
19474,1
19475,0
19476,2
19477,0
19478,1
19479,1
19480,1
19481,1
19482,2
19483,1
19484,0
19485,0
19486,2
19487,1
19488,1
19489,1
19490,2
19491,1
19492,0
19493,2
19494,0
19495,0
19496,1
19497,2
19498,2
19499,0
19500,1
19501,1
19502,0
19503,1
19504,2
19505,2
19506,1
19507,0
19508,1
19509,1
19510,1
19511,1
19512,1
19513,1
19514,0
19515,2
19516,0
19517,1
19518,2
19519,0
19520,0
19521,2
19522,0
19523,0
19524,1
19525,2
19526,1
19527,1
19528,2
19529,0
19530,0
19531,1
19532,1
19533,0
19534,1
19535,2
19536,1
19537,2
19538,0
19539,1
19540,1
19541,2
19542,1
19543,2
19544,1
19545,2
19546,2
19547,2
19548,1
19549,0
19550,2
19551,0
19552,1
19553,1
19554,1
19555,2
19556,0
19557,0
19558,1
19559,1
19560,2
19561,1
19562,2
19563,0
19564,2
19565,0
19566,2
19567,2
19568,2
19569,2
19570,1
19571,0
19572,2
19573,2
19574,1
19575,0
19576,1
19577,2
19578,0
19579,1
19580,1
19581,1
19582,0
19583,0
19584,2
19585,2
19586,2
19587,0
19588,1
19589,2
19590,1
19591,1
19592,0
19593,2
19594,1
19595,0
19596,1
19597,1
19598,0
19599,1
19600,1
19601,1
19602,2
19603,1
19604,0
19605,1
19606,1
19607,1
19608,2
19609,1
19610,1
19611,1
19612,2
19613,1
19614,1
19615,1
19616,0
19617,2
19618,0
19619,0
19620,1
19621,0
19622,2
19623,2
19624,2
19625,1
19626,1
19627,0
19628,2
19629,2
19630,2
19631,0
19632,0
19633,1
19634,0
19635,2
19636,1
19637,2
19638,1
19639,1
19640,0
19641,1
19642,2
19643,0
19644,0
19645,1
19646,0
19647,2
19648,2
19649,0
19650,2
19651,2
19652,0
19653,1
19654,1
19655,0
19656,0
19657,0
19658,1
19659,1
19660,1
19661,2
19662,2
19663,2
19664,1
19665,2
19666,0
19667,2
19668,2
19669,1
19670,1
19671,0
19672,1
19673,1
19674,0
19675,1
19676,1
19677,1
19678,2
19679,1
19680,1
19681,0
19682,2
19683,1
19684,1
19685,2
19686,0
19687,1
19688,1
19689,1
19690,0
19691,2
19692,1
19693,1
19694,2
19695,0
19696,1
19697,1
19698,2
19699,0
19700,2
19701,1
19702,1
19703,0
19704,0
19705,1
19706,1
19707,0
19708,2
19709,2
19710,0
19711,2
19712,1
19713,2
19714,1
19715,1
19716,0
19717,2
19718,2
19719,1
19720,1
19721,2
19722,2
19723,0
19724,0
19725,0
19726,2
19727,1
19728,2
19729,1
19730,2
19731,2
19732,1
19733,1
19734,2
19735,0
19736,1
19737,0
19738,2
19739,2
19740,1
19741,2
19742,2
19743,2
19744,0
19745,2
19746,0
19747,1
19748,2
19749,2
19750,1
19751,1
19752,1
19753,2
19754,0
19755,0
19756,2
19757,2
19758,1
19759,2
19760,1
19761,1
19762,2
19763,1
19764,1
19765,1
19766,0
19767,1
19768,2
19769,1
19770,0
19771,1
19772,1
19773,1
19774,2
19775,1
19776,0
19777,2
19778,1
19779,1
19780,1
19781,2
19782,0
19783,2
19784,2
19785,1
19786,1
19787,2
19788,1
19789,2
19790,2
19791,0
19792,1
19793,2
19794,1
19795,1
19796,1
19797,2
19798,1
19799,0
19800,0
19801,0
19802,2
19803,0
19804,1
19805,1
19806,0
19807,2
19808,0
19809,2
19810,1
19811,1
19812,2
19813,0
19814,1
19815,2
19816,0
19817,0
19818,0
19819,2
19820,1
19821,2
19822,1
19823,1
19824,1
19825,1
19826,1
19827,1
19828,0
19829,2
19830,2
19831,2
19832,2
19833,1
19834,1
19835,1
19836,0
19837,1
19838,1
19839,0
19840,1
19841,0
19842,1
19843,2
19844,0
19845,1
19846,0
19847,0
19848,1
19849,2
19850,1
19851,1
19852,1
19853,2
19854,1
19855,0
19856,1
19857,2
19858,1
19859,1
19860,0
19861,1
19862,1
19863,0
19864,2
19865,2
19866,1
19867,2
19868,1
19869,2
19870,1
19871,1
19872,2
19873,1
19874,0
19875,1
19876,0
19877,0
19878,1
19879,2
19880,1
19881,2
19882,1
19883,1
19884,0
19885,2
19886,2
19887,2
19888,1
19889,2
19890,2
19891,1
19892,2
19893,2
19894,1
19895,1
19896,2
19897,1
19898,2
19899,2
19900,0
19901,2
19902,2
19903,2
19904,1
19905,1
19906,2
19907,1
19908,2
19909,1
19910,2
19911,1
19912,1
19913,0
19914,1
19915,2
19916,2
19917,1
19918,1
19919,1
19920,2
19921,1
19922,2
19923,2
19924,2
19925,2
19926,1
19927,1
19928,1
19929,2
19930,1
19931,1
19932,0
19933,0
19934,1
19935,1
19936,1
19937,1
19938,1
19939,1
19940,1
19941,1
19942,1
19943,1
19944,0
19945,1
19946,1
19947,1
19948,1
19949,0
19950,2
19951,1
19952,2
19953,0
19954,2
19955,2
19956,2
19957,1
19958,1
19959,2
19960,1
19961,0
19962,2
19963,0
19964,1
19965,1
19966,2
19967,1
19968,1
19969,1
19970,2
19971,1
19972,2
19973,1
19974,1
19975,1
19976,0
19977,1
19978,1
19979,1
19980,0
19981,1
19982,2
19983,2
19984,2
19985,2
19986,1
19987,2
19988,1
19989,1
19990,1
19991,0
19992,0
19993,0
19994,0
19995,2
19996,0
19997,1
19998,2
19999,1
20000,2
20001,2
20002,1
20003,0
20004,2
20005,1
20006,2
20007,0
20008,2
20009,1
20010,1
20011,0
20012,0
20013,1
20014,1
20015,2
20016,0
20017,0
20018,1
20019,2
20020,1
20021,0
20022,1
20023,2
20024,2
20025,2
20026,2
20027,1
20028,2
20029,0
20030,2
20031,2
20032,0
20033,2
20034,1
20035,2
20036,2
20037,1
20038,1
20039,2
20040,2
20041,1
20042,2
20043,2
20044,2
20045,1
20046,1
20047,0
20048,1
20049,1
20050,2
20051,2
20052,2
20053,0
20054,2
20055,1
20056,1
20057,1
20058,0
20059,1
20060,0
20061,1
20062,1
20063,2
20064,1
20065,1
20066,0
20067,2
20068,2
20069,0
20070,1
20071,0
20072,0
20073,1
20074,0
20075,1
20076,1
20077,0
20078,1
20079,1
20080,1
20081,1
20082,2
20083,0
20084,0
20085,1
20086,2
20087,1
20088,0
20089,2
20090,1
20091,1
20092,1
20093,0
20094,2
20095,0
20096,2
20097,2
20098,1
20099,0
20100,2
20101,2
20102,1
20103,1
20104,1
20105,2
20106,2
20107,2
20108,2
20109,1
20110,1
20111,1
20112,0
20113,1
20114,2
20115,2
20116,2
20117,2
20118,0
20119,1
20120,1
20121,1
20122,1
20123,0
20124,2
20125,2
20126,2
20127,1
20128,2
20129,0
20130,1
20131,0
20132,1
20133,1
20134,1
20135,1
20136,2
20137,1
20138,2
20139,1
20140,2
20141,0
20142,1
20143,1
20144,2
20145,2
20146,1
20147,2
20148,1
20149,0
20150,2
20151,2
20152,2
20153,2
20154,2
20155,2
20156,0
20157,0
20158,2
20159,2
20160,1
20161,1
20162,2
20163,1
20164,2
20165,1
20166,2
20167,1
20168,1
20169,1
20170,1
20171,1
20172,2
20173,1
20174,1
20175,0
20176,2
20177,1
20178,1
20179,2
20180,1
20181,0
20182,2
20183,1
20184,0
20185,1
20186,0
20187,1
20188,1
20189,0
20190,0
20191,1
20192,1
20193,1
20194,1
20195,0
20196,2
20197,2
20198,0
20199,1
20200,0
20201,0
20202,1
20203,0
20204,2
20205,1
20206,1
20207,1
20208,0
20209,1
20210,1
20211,2
20212,2
20213,2
20214,0
20215,2
20216,1
20217,2
20218,1
20219,0
20220,1
20221,2
20222,0
20223,1
20224,1
20225,1
20226,0
20227,1
20228,2
20229,2
20230,1
20231,0
20232,1
20233,1
20234,2
20235,1
20236,2
20237,1
20238,1
20239,2
20240,1
20241,2
20242,2
20243,1
20244,0
20245,2
20246,1
20247,0
20248,2
20249,0
20250,2
20251,1
20252,2
20253,0
20254,1
20255,1
20256,2
20257,0
20258,0
20259,2
20260,2
20261,2
20262,1
20263,2
20264,1
20265,1
20266,2
20267,1
20268,1
20269,1
20270,0
20271,1
20272,0
20273,1
20274,1
20275,2
20276,1
20277,1
20278,2
20279,1
20280,1
20281,0
20282,1
20283,1
20284,0
20285,1
20286,2
20287,1
20288,2
20289,0
20290,0
20291,1
20292,0
20293,2
20294,2
20295,2
20296,0
20297,2
20298,1
20299,1
20300,2
20301,1
20302,0
20303,0
20304,0
20305,1
20306,0
20307,1
20308,0
20309,1
20310,1
20311,2
20312,1
20313,2
20314,2
20315,1
20316,1
20317,1
20318,0
20319,2
20320,1
20321,0
20322,1
20323,1
20324,0
20325,1
20326,0
20327,0
20328,1
20329,2
20330,2
20331,0
20332,1
20333,2
20334,2
20335,1
20336,1
20337,0
20338,1
20339,2
20340,1
20341,2
20342,0
20343,2
20344,2
20345,1
20346,0
20347,0
20348,0
20349,1
20350,2
20351,1
20352,2
20353,1
20354,2
20355,2
20356,2
20357,1
20358,0
20359,2
20360,1
20361,2
20362,1
20363,1
20364,1
20365,1
20366,1
20367,1
20368,1
20369,1
20370,1
20371,0
20372,1
20373,1
20374,2
20375,2
20376,1
20377,0
20378,2
20379,0
20380,0
20381,1
20382,1
20383,1
20384,2
20385,2
20386,1
20387,0
20388,1
20389,2
20390,0
20391,2
20392,1
20393,2
20394,1
20395,2
20396,1
20397,2
20398,1
20399,1
20400,0
20401,1
20402,1
20403,1
20404,1
20405,2
20406,1
20407,1
20408,2
20409,1
20410,2
20411,1
20412,1
20413,1
20414,1
20415,2
20416,1
20417,0
20418,0
20419,2
20420,1
20421,1
20422,1
20423,1
20424,2
20425,0
20426,1
20427,0
20428,2
20429,2
20430,2
20431,2
20432,1
20433,1
20434,2
20435,1
20436,1
20437,0
20438,2
20439,1
20440,2
20441,2
20442,2
20443,0
20444,2
20445,2
20446,1
20447,0
20448,2
20449,2
20450,2
20451,2
20452,0
20453,0
20454,2
20455,2
20456,1
20457,1
20458,1
20459,1
20460,1
20461,1
20462,2
20463,2
20464,1
20465,2
20466,1
20467,0
20468,1
20469,2
20470,1
20471,1
20472,2
20473,1
20474,2
20475,0
20476,1
20477,1
20478,0
20479,1
20480,0
20481,1
20482,2
20483,2
20484,0
20485,0
20486,1
20487,1
20488,0
20489,1
20490,1
20491,0
20492,1
20493,0
20494,2
20495,0
20496,2
20497,1
20498,1
20499,0
20500,1
20501,2
20502,2
20503,2
20504,0
20505,2
20506,1
20507,2
20508,0
20509,2
20510,1
20511,1
20512,1
20513,2
20514,0
20515,2
20516,2
20517,0
20518,1
20519,1
20520,1
20521,2
20522,1
20523,2
20524,1
20525,1
20526,2
20527,2
20528,1
20529,2
20530,0
20531,2
20532,0
20533,1
20534,2
20535,1
20536,2
20537,2
20538,1
20539,2
20540,2
20541,1
20542,1
20543,2
20544,1
20545,0
20546,0
20547,1
20548,1
20549,2
20550,0
20551,1
20552,1
20553,1
20554,2
20555,1
20556,2
20557,1
20558,1
20559,1
20560,2
20561,2
20562,0
20563,2
20564,0
20565,1
20566,2
20567,2
20568,1
20569,1
20570,1
20571,1
20572,0
20573,1
20574,1
20575,1
20576,1
20577,0
20578,0
20579,0
20580,2
20581,1
20582,1
20583,0
20584,0
20585,0
20586,0
20587,1
20588,1
20589,1
20590,1
20591,1
20592,1
20593,1
20594,0
20595,0
20596,2
20597,2
20598,0
20599,2
20600,1
20601,1
20602,0
20603,0
20604,2
20605,1
20606,1
20607,0
20608,2
20609,1
20610,1
20611,1
20612,0
20613,2
20614,2
20615,2
20616,0
20617,1
20618,0
20619,1
20620,1
20621,2
20622,1
20623,1
20624,1
20625,2
20626,2
20627,1
20628,0
20629,2
20630,1
20631,0
20632,1
20633,1
20634,0
20635,0
20636,0
20637,2
20638,0
20639,1
20640,1
20641,2
20642,1
20643,2
20644,2
20645,1
20646,0
20647,0
20648,2
20649,1
20650,1
20651,0
20652,0
20653,0
20654,1
20655,2
20656,0
20657,0
20658,2
20659,0
20660,2
20661,2
20662,0
20663,2
20664,1
20665,2
20666,0
20667,0
20668,2
20669,2
20670,2
20671,0
20672,0
20673,1
20674,2
20675,1
20676,2
20677,1
20678,2
20679,2
20680,1
20681,0
20682,1
20683,0
20684,1
20685,0
20686,1
20687,0
20688,2
20689,2
20690,1
20691,0
20692,1
20693,2
20694,1
20695,2
20696,1
20697,2
20698,0
20699,1
20700,0
20701,1
20702,0
20703,1
20704,2
20705,2
20706,1
20707,1
20708,2
20709,1
20710,1
20711,2
20712,2
20713,1
20714,2
20715,1
20716,0
20717,0
20718,2
20719,2
20720,1
20721,0
20722,1
20723,2
20724,2
20725,1
20726,1
20727,0
20728,2
20729,0
20730,1
20731,2
20732,1
20733,2
20734,0
20735,1
20736,1
20737,0
20738,0
20739,1
20740,2
20741,1
20742,0
20743,2
20744,2
20745,0
20746,1
20747,2
20748,1
20749,0
20750,0
20751,0
20752,1
20753,1
20754,0
20755,1
20756,1
20757,1
20758,1
20759,1
20760,1
20761,1
20762,1
20763,1
20764,2
20765,0
20766,2
20767,2
20768,1
20769,1
20770,2
20771,1
20772,1
20773,2
20774,0
20775,2
20776,2
20777,1
20778,2
20779,2
20780,1
20781,1
20782,0
20783,2
20784,1
20785,0
20786,1
20787,1
20788,0
20789,2
20790,1
20791,1
20792,2
20793,1
20794,1
20795,1
20796,2
20797,1
20798,0
20799,1
20800,1
20801,2
20802,0
20803,2
20804,0
20805,1
20806,1
20807,2
20808,0
20809,2
20810,2
20811,1
20812,1
20813,1
20814,1
20815,0
20816,1
20817,1
20818,2
20819,0
20820,0
20821,1
20822,0
20823,1
20824,0
20825,2
20826,2
20827,2
20828,1
20829,1
20830,1
20831,1
20832,1
20833,1
20834,1
20835,2
20836,1
20837,0
20838,1
20839,1
20840,1
20841,0
20842,2
20843,0
20844,1
20845,0
20846,0
20847,1
20848,2
20849,1
20850,2
20851,2
20852,1
20853,0
20854,1
20855,1
20856,0
20857,1
20858,2
20859,1
20860,2
20861,2
20862,2
20863,1
20864,2
20865,0
20866,1
20867,2
20868,0
20869,1
20870,2
20871,1
20872,1
20873,1
20874,1
20875,1
20876,2
20877,1
20878,2
20879,1
20880,0
20881,0
20882,1
20883,2
20884,0
20885,1
20886,0
20887,2
20888,2
20889,1
20890,0
20891,1
20892,2
20893,1
20894,1
20895,2
20896,2
20897,2
20898,2
20899,2
20900,1
20901,2
20902,1
20903,1
20904,2
20905,0
20906,0
20907,1
20908,1
20909,0
20910,2
20911,1
20912,1
20913,1
20914,2
20915,0
20916,2
20917,1
20918,2
20919,2
20920,0
20921,1
20922,1
20923,1
20924,2
20925,2
20926,2
20927,1
20928,1
20929,0
20930,1
20931,1
20932,1
20933,1
20934,2
20935,1
20936,1
20937,1
20938,1
20939,1
20940,1
20941,1
20942,0
20943,0
20944,0
20945,2
20946,1
20947,2
20948,2
20949,2
20950,2
20951,2
20952,2
20953,1
20954,1
20955,1
20956,0
20957,2
20958,2
20959,2
20960,1
20961,2
20962,0
20963,2
20964,2
20965,1
20966,1
20967,0
20968,1
20969,2
20970,1
20971,0
20972,1
20973,2
20974,1
20975,1
20976,2
20977,2
20978,1
20979,1
20980,1
20981,1
20982,1
20983,2
20984,1
20985,1
20986,2
20987,1
20988,2
20989,2
20990,2
20991,0
20992,0
20993,0
20994,2
20995,0
20996,0
20997,1
20998,0
20999,2
21000,1
21001,1
21002,1
21003,2
21004,1
21005,0
21006,0
21007,1
21008,2
21009,0
21010,2
21011,2
21012,1
21013,2
21014,0
21015,0
21016,0
21017,2
21018,0
21019,2
21020,0
21021,2
21022,1
21023,2
21024,2
21025,1
21026,0
21027,0
21028,1
21029,1
21030,1
21031,0
21032,2
21033,0
21034,2
21035,0
21036,2
21037,0
21038,1
21039,2
21040,1
21041,2
21042,2
21043,1
21044,1
21045,0
21046,1
21047,1
21048,1
21049,1
21050,1
21051,0
21052,2
21053,1
21054,1
21055,2
21056,2
21057,2
21058,2
21059,0
21060,1
21061,1
21062,2
21063,0
21064,1
21065,1
21066,0
21067,1
21068,1
21069,2
21070,1
21071,1
21072,1
21073,2
21074,2
21075,1
21076,2
21077,0
21078,1
21079,1
21080,1
21081,1
21082,0
21083,2
21084,0
21085,1
21086,1
21087,0
21088,0
21089,2
21090,0
21091,2
21092,2
21093,0
21094,1
21095,1
21096,0
21097,2
21098,2
21099,2
21100,0
21101,1
21102,1
21103,0
21104,2
21105,1
21106,1
21107,1
21108,2
21109,1
21110,1
21111,2
21112,1
21113,1
21114,1
21115,1
21116,2
21117,0
21118,2
21119,1
21120,2
21121,2
21122,1
21123,1
21124,1
21125,2
21126,1
21127,1
21128,1
21129,0
21130,0
21131,2
21132,1
21133,1
21134,1
21135,2
21136,2
21137,0
21138,2
21139,1
21140,1
21141,1
21142,1
21143,2
21144,1
21145,0
21146,2
21147,1
21148,0
21149,0
21150,2
21151,1
21152,1
21153,0
21154,2
21155,1
21156,1
21157,2
21158,1
21159,1
21160,2
21161,2
21162,0
21163,1
21164,1
21165,2
21166,1
21167,2
21168,2
21169,0
21170,0
21171,1
21172,1
21173,1
21174,1
21175,1
21176,2
21177,0
21178,1
21179,1
21180,1
21181,2
21182,0
21183,0
21184,2
21185,0
21186,1
21187,2
21188,0
21189,0
21190,2
21191,2
21192,2
21193,2
21194,2
21195,1
21196,0
21197,2
21198,0
21199,2
21200,2
21201,1
21202,0
21203,1
21204,0
21205,2
21206,1
21207,1
21208,1
21209,1
21210,2
21211,2
21212,0
21213,0
21214,2
21215,2
21216,2
21217,2
21218,2
21219,2
21220,1
21221,2
21222,2
21223,1
21224,1
21225,1
21226,1
21227,2
21228,1
21229,0
21230,0
21231,2
21232,2
21233,2
21234,2
21235,1
21236,0
21237,1
21238,0
21239,2
21240,2
21241,2
21242,0
21243,1
21244,2
21245,1
21246,2
21247,0
21248,1
21249,0
21250,0
21251,2
21252,1
21253,1
21254,2
21255,1
21256,1
21257,2
21258,2
21259,1
21260,1
21261,1
21262,2
21263,2
21264,1
21265,1
21266,0
21267,2
21268,2
21269,1
21270,1
21271,0
21272,1
21273,1
21274,0
21275,0
21276,1
21277,2
21278,2
21279,1
21280,0
21281,2
21282,0
21283,2
21284,1
21285,2
21286,2
21287,1
21288,0
21289,2
21290,2
21291,0
21292,2
21293,1
21294,1
21295,1
21296,1
21297,1
21298,1
21299,1
21300,1
21301,2
21302,1
21303,0
21304,0
21305,1
21306,0
21307,2
21308,1
21309,1
21310,1
21311,0
21312,1
21313,1
21314,1
21315,0
21316,2
21317,2
21318,0
21319,1
21320,1
21321,1
21322,2
21323,1
21324,2
21325,0
21326,2
21327,2
21328,0
21329,0
21330,2
21331,0
21332,2
21333,1
21334,0
21335,1
21336,0
21337,0
21338,1
21339,1
21340,2
21341,1
21342,2
21343,1
21344,1
21345,0
21346,1
21347,2
21348,0
21349,2
21350,0
21351,2
21352,2
21353,1
21354,2
21355,1
21356,2
21357,2
21358,0
21359,2
21360,2
21361,0
21362,2
21363,0
21364,1
21365,1
21366,1
21367,1
21368,0
21369,1
21370,2
21371,1
21372,1
21373,1
21374,1
21375,2
21376,0
21377,1
21378,0
21379,2
21380,1
21381,0
21382,0
21383,1
21384,2
21385,1
21386,0
21387,0
21388,1
21389,2
21390,0
21391,1
21392,1
21393,1
21394,1
21395,2
21396,1
21397,1
21398,1
21399,1
21400,0
21401,1
21402,1
21403,2
21404,0
21405,1
21406,1
21407,1
21408,2
21409,1
21410,2
21411,2
21412,1
21413,1
21414,1
21415,1
21416,2
21417,1
21418,1
21419,2
21420,2
21421,2
21422,1
21423,0
21424,1
21425,1
21426,2
21427,1
21428,1
21429,0
21430,2
21431,2
21432,0
21433,1
21434,2
21435,2
21436,1
21437,0
21438,1
21439,1
21440,0
21441,2
21442,2
21443,2
21444,2
21445,2
21446,1
21447,2
21448,2
21449,0
21450,2
21451,0
21452,1
21453,2
21454,1
21455,1
21456,2
21457,2
21458,1
21459,0
21460,1
21461,1
21462,0
21463,0
21464,1
21465,2
21466,1
21467,2
21468,1
21469,1
21470,1
21471,0
21472,2
21473,2
21474,2
21475,2
21476,2
21477,0
21478,1
21479,0
21480,1
21481,1
21482,2
21483,0
21484,1
21485,2
21486,2
21487,0
21488,1
21489,2
21490,1
21491,1
21492,0
21493,0
21494,1
21495,1
21496,2
21497,1
21498,2
21499,1
21500,2
21501,2
21502,2
21503,1
21504,1
21505,0
21506,1
21507,1
21508,1
21509,1
21510,2
21511,1
21512,0
21513,0
21514,1
21515,2
21516,0
21517,0
21518,2
21519,1
21520,0
21521,1
21522,0
21523,0
21524,2
21525,2
21526,0
21527,2
21528,2
21529,2
21530,0
21531,2
21532,0
21533,0
21534,0
21535,2
21536,1
21537,2
21538,2
21539,2
21540,2
21541,0
21542,2
21543,0
21544,1
21545,0
21546,1
21547,0
21548,0
21549,1
21550,1
21551,1
21552,0
21553,2
21554,1
21555,1
21556,1
21557,1
21558,1
21559,0
21560,1
21561,2
21562,0
21563,2
21564,2
21565,1
21566,2
21567,1
21568,2
21569,1
21570,2
21571,1
21572,0
21573,0
21574,1
21575,1
21576,2
21577,1
21578,1
21579,1
21580,2
21581,1
21582,0
21583,0
21584,1
21585,0
21586,2
21587,0
21588,1
21589,0
21590,1
21591,1
21592,0
21593,1
21594,1
21595,1
21596,1
21597,0
21598,1
21599,1
21600,0
21601,0
21602,1
21603,1
21604,2
21605,1
21606,0
21607,0
21608,2
21609,0
21610,1
21611,0
21612,1
21613,0
21614,1
21615,1
21616,2
21617,1
21618,2
21619,0
21620,2
21621,1
21622,2
21623,1
21624,2
21625,0
21626,2
21627,2
21628,0
21629,2
21630,1
21631,1
21632,1
21633,1
21634,0
21635,2
21636,0
21637,2
21638,2
21639,1
21640,1
21641,1
21642,1
21643,0
21644,2
21645,1
21646,1
21647,1
21648,1
21649,2
21650,1
21651,2
21652,1
21653,1
21654,2
21655,1
21656,0
21657,1
21658,1
21659,0
21660,1
21661,2
21662,0
21663,1
21664,1
21665,0
21666,0
21667,2
21668,2
21669,1
21670,0
21671,0
21672,2
21673,2
21674,1
21675,1
21676,2
21677,0
21678,1
21679,0
21680,0
21681,0
21682,1
21683,1
21684,1
21685,1
21686,0
21687,2
21688,1
21689,0
21690,2
21691,1
21692,2
21693,2
21694,0
21695,1
21696,1
21697,1
21698,0
21699,2
21700,1
21701,1
21702,1
21703,2
21704,1
21705,0
21706,2
21707,1
21708,0
21709,1
21710,1
21711,1
21712,1
21713,1
21714,1
21715,2
21716,1
21717,2
21718,0
21719,2
21720,2
21721,1
21722,1
21723,2
21724,1
21725,1
21726,1
21727,2
21728,2
21729,2
21730,2
21731,2
21732,0
21733,1
21734,1
21735,0
21736,2
21737,2
21738,1
21739,1
21740,2
21741,0
21742,1
21743,1
21744,0
21745,0
21746,2
21747,0
21748,1
21749,1
21750,1
21751,1
21752,1
21753,2
21754,1
21755,2
21756,2
21757,0
21758,1
21759,1
21760,1
21761,1
21762,0
21763,2
21764,0
21765,1
21766,1
21767,2
21768,1
21769,1
21770,0
21771,1
21772,0
21773,2
21774,1
21775,1
21776,1
21777,0
21778,2
21779,0
21780,2
21781,1
21782,1
21783,1
21784,2
21785,2
21786,1
21787,0
21788,1
21789,1
21790,2
21791,0
21792,1
21793,2
21794,1
21795,0
21796,1
21797,2
21798,0
21799,1
21800,2
21801,1
21802,1
21803,2
21804,2
21805,1
21806,1
21807,1
21808,2
21809,1
21810,1
21811,2
21812,0
21813,2
21814,2
21815,2
21816,0
21817,2
21818,2
21819,2
21820,1
21821,1
21822,0
21823,1
21824,2
21825,2
21826,2
21827,0
21828,2
21829,1
21830,2
21831,2
21832,1
21833,2
21834,1
21835,1
21836,1
21837,1
21838,2
21839,2
21840,2
21841,1
21842,2
21843,1
21844,2
21845,1
21846,0
21847,2
21848,2
21849,0
21850,2
21851,0
21852,1
21853,0
21854,2
21855,0
21856,0
21857,0
21858,0
21859,0
21860,2
21861,1
21862,0
21863,1
21864,2
21865,0
21866,0
21867,1
21868,0
21869,1
21870,1
21871,1
21872,1
21873,2
21874,1
21875,1
21876,2
21877,2
21878,1
21879,0
21880,2
21881,1
21882,1
21883,2
21884,1
21885,0
21886,2
21887,2
21888,1
21889,2
21890,0
21891,2
21892,2
21893,0
21894,0
21895,1
21896,1
21897,1
21898,1
21899,1
21900,0
21901,1
21902,0
21903,0
21904,1
21905,0
21906,1
21907,2
21908,2
21909,0
21910,1
21911,2
21912,2
21913,2
21914,2
21915,2
21916,0
21917,0
21918,1
21919,0
21920,1
21921,1
21922,0
21923,1
21924,0
21925,2
21926,2
21927,1
21928,1
21929,0
21930,1
21931,0
21932,1
21933,2
21934,1
21935,1
21936,2
21937,0
21938,1
21939,0
21940,2
21941,1
21942,0
21943,1
21944,1
21945,1
21946,1
21947,2
21948,2
21949,1
21950,0
21951,1
21952,2
21953,1
21954,1
21955,1
21956,0
21957,1
21958,1
21959,2
21960,1
21961,0
21962,2
21963,2
21964,0
21965,1
21966,2
21967,2
21968,1
21969,1
21970,0
21971,1
21972,2
21973,1
21974,1
21975,2
21976,1
21977,0
21978,2
21979,2
21980,0
21981,0
21982,1
21983,0
21984,1
21985,1
21986,1
21987,2
21988,0
21989,1
21990,0
21991,2
21992,1
21993,1
21994,1
21995,0
21996,1
21997,2
21998,1
21999,2
22000,1
22001,2
22002,2
22003,0
22004,1
22005,0
22006,2
22007,0
22008,1
22009,1
22010,2
22011,0
22012,1
22013,1
22014,2
22015,2
22016,0
22017,1
22018,0
22019,1
22020,1
22021,1
22022,0
22023,1
22024,2
22025,2
22026,1
22027,1
22028,2
22029,2
22030,1
22031,2
22032,1
22033,2
22034,1
22035,1
22036,2
22037,1
22038,0
22039,1
22040,1
22041,1
22042,0
22043,1
22044,0
22045,1
22046,1
22047,0
22048,2
22049,2
22050,0
22051,1
22052,1
22053,2
22054,2
22055,1
22056,2
22057,0
22058,2
22059,2
22060,1
22061,1
22062,1
22063,2
22064,2
22065,0
22066,2
22067,1
22068,2
22069,1
22070,0
22071,1
22072,2
22073,1
22074,2
22075,1
22076,0
22077,1
22078,1
22079,0
22080,1
22081,2
22082,2
22083,2
22084,2
22085,2
22086,1
22087,1
22088,0
22089,0
22090,0
22091,1
22092,2
22093,0
22094,2
22095,1
22096,1
22097,1
22098,0
22099,0
22100,1
22101,1
22102,0
22103,1
22104,1
22105,2
22106,1
22107,2
22108,0
22109,1
22110,1
22111,2
22112,2
22113,1
22114,0
22115,2
22116,1
22117,0
22118,0
22119,2
22120,0
22121,1
22122,0
22123,1
22124,1
22125,2
22126,0
22127,2
22128,1
22129,0
22130,2
22131,0
22132,1
22133,0
22134,1
22135,2
22136,0
22137,2
22138,2
22139,0
22140,2
22141,2
22142,2
22143,0
22144,0
22145,1
22146,0
22147,0
22148,1
22149,0
22150,1
22151,0
22152,1
22153,1
22154,1
22155,1
22156,1
22157,0
22158,1
22159,2
22160,1
22161,2
22162,0
22163,0
22164,0
22165,0
22166,2
22167,0
22168,1
22169,2
22170,1
22171,0
22172,2
22173,1
22174,1
22175,1
22176,1
22177,1
22178,1
22179,0
22180,1
22181,2
22182,1
22183,1
22184,2
22185,0
22186,1
22187,1
22188,0
22189,1
22190,0
22191,2
22192,2
22193,0
22194,2
22195,2
22196,1
22197,1
22198,0
22199,1
22200,2
22201,1
22202,1
22203,0
22204,1
22205,1
22206,1
22207,1
22208,2
22209,2
22210,1
22211,2
22212,2
22213,1
22214,1
22215,0
22216,2
22217,1
22218,2
22219,2
22220,0
22221,0
22222,1
22223,0
22224,1
22225,2
22226,1
22227,1
22228,2
22229,1
22230,1
22231,2
22232,1
22233,1
22234,1
22235,1
22236,0
22237,0
22238,1
22239,2
22240,2
22241,1
22242,1
22243,1
22244,1
22245,2
22246,1
22247,0
22248,2
22249,0
22250,1
22251,0
22252,1
22253,2
22254,1
22255,1
22256,0
22257,1
22258,2
22259,0
22260,1
22261,1
22262,1
22263,1
22264,1
22265,2
22266,1
22267,0
22268,0
22269,0
22270,0
22271,2
22272,0
22273,0
22274,2
22275,1
22276,1
22277,1
22278,1
22279,1
22280,1
22281,1
22282,2
22283,0
22284,1
22285,2
22286,0
22287,2
22288,0
22289,2
22290,2
22291,1
22292,2
22293,1
22294,1
22295,1
22296,1
22297,1
22298,1
22299,2
22300,1
22301,2
22302,2
22303,1
22304,2
22305,0
22306,1
22307,1
22308,0
22309,2
22310,0
22311,2
22312,2
22313,1
22314,1
22315,2
22316,1
22317,2
22318,2
22319,0
22320,0
22321,0
22322,2
22323,0
22324,0
22325,1
22326,0
22327,1
22328,2
22329,2
22330,2
22331,2
22332,1
22333,0
22334,2
22335,1
22336,1
22337,0
22338,1
22339,1
22340,2
22341,2
22342,1
22343,0
22344,0
22345,2
22346,0
22347,1
22348,1
22349,1
22350,1
22351,1
22352,0
22353,1
22354,1
22355,0
22356,1
22357,0
22358,2
22359,2
22360,0
22361,1
22362,1
22363,0
22364,0
22365,2
22366,1
22367,1
22368,2
22369,1
22370,0
22371,1
22372,2
22373,0
22374,1
22375,2
22376,2
22377,2
22378,2
22379,1
22380,2
22381,2
22382,0
22383,1
22384,1
22385,0
22386,1
22387,0
22388,0
22389,2
22390,1
22391,2
22392,0
22393,1
22394,1
22395,1
22396,2
22397,2
22398,1
22399,1
22400,0
22401,2
22402,2
22403,1
22404,1
22405,0
22406,1
22407,2
22408,0
22409,0
22410,2
22411,1
22412,0
22413,2
22414,0
22415,0
22416,1
22417,1
22418,1
22419,2
22420,0
22421,1
22422,1
22423,0
22424,2
22425,1
22426,2
22427,1
22428,1
22429,2
22430,0
22431,2
22432,1
22433,2
22434,2
22435,0
22436,2
22437,1
22438,1
22439,1
22440,2
22441,0
22442,0
22443,1
22444,2
22445,1
22446,1
22447,2
22448,1
22449,1
22450,1
22451,1
22452,2
22453,1
22454,0
22455,1
22456,2
22457,2
22458,0
22459,0
22460,1
22461,1
22462,1
22463,1
22464,0
22465,2
22466,1
22467,0
22468,2
22469,2
22470,2
22471,0
22472,2
22473,1
22474,1
22475,0
22476,2
22477,1
22478,1
22479,1
22480,1
22481,2
22482,1
22483,1
22484,2
22485,2
22486,0
22487,1
22488,1
22489,1
22490,1
22491,2
22492,2
22493,0
22494,2
22495,0
22496,0
22497,2
22498,2
22499,1
22500,2
22501,2
22502,1
22503,0
22504,0
22505,0
22506,0
22507,1
22508,1
22509,0
22510,1
22511,0
22512,1
22513,1
22514,1
22515,1
22516,0
22517,0
22518,2
22519,2
22520,2
22521,0
22522,2
22523,0
22524,1
22525,0
22526,1
22527,2
22528,1
22529,2
22530,2
22531,1
22532,1
22533,0
22534,0
22535,2
22536,0
22537,1
22538,0
22539,0
22540,1
22541,1
22542,2
22543,1
22544,1
22545,1
22546,0
22547,0
22548,0
22549,1
22550,2
22551,1
22552,0
22553,1
22554,2
22555,2
22556,2
22557,2
22558,0
22559,0
22560,0
22561,2
22562,0
22563,0
22564,2
22565,1
22566,0
22567,2
22568,2
22569,0
22570,0
22571,0
22572,1
22573,0
22574,1
22575,2
22576,1
22577,0
22578,1
22579,1
22580,2
22581,1
22582,1
22583,0
22584,2
22585,0
22586,1
22587,2
22588,0
22589,2
22590,0
22591,1
22592,1
22593,0
22594,1
22595,1
22596,0
22597,1
22598,0
22599,2
22600,1
22601,0
22602,2
22603,1
22604,0
22605,1
22606,1
22607,1
22608,1
22609,2
22610,1
22611,2
22612,1
22613,1
22614,1
22615,2
22616,1
22617,2
22618,2
22619,1
22620,1
22621,1
22622,1
22623,0
22624,2
22625,2
22626,2
22627,1
22628,1
22629,2
22630,1
22631,0
22632,1
22633,2
22634,2
22635,1
22636,1
22637,0
22638,2
22639,0
22640,1
22641,2
22642,2
22643,2
22644,0
22645,1
22646,2
22647,2
22648,2
22649,2
22650,1
22651,1
22652,0
22653,1
22654,1
22655,0
22656,2
22657,1
22658,2
22659,1
22660,1
22661,0
22662,0
22663,1
22664,0
22665,2
22666,0
22667,2
22668,0
22669,1
22670,2
22671,1
22672,0
22673,2
22674,2
22675,2
22676,1
22677,2
22678,1
22679,2
22680,0
22681,0
22682,2
22683,1
22684,2
22685,1
22686,1
22687,1
22688,0
22689,1
22690,2
22691,2
22692,2
22693,1
22694,2
22695,1
22696,0
22697,2
22698,2
22699,0
22700,1
22701,2
22702,0
22703,0
22704,2
22705,0
22706,1
22707,1
22708,1
22709,2
22710,0
22711,2
22712,0
22713,1
22714,2
22715,1
22716,1
22717,2
22718,2
22719,2
22720,1
22721,0
22722,1
22723,0
22724,1
22725,0
22726,0
22727,1
22728,0
22729,1
22730,2
22731,0
22732,2
22733,2
22734,0
22735,2
22736,2
22737,1
22738,2
22739,0
22740,2
22741,0
22742,2
22743,2
22744,1
22745,2
22746,0
22747,2
22748,2
22749,2
22750,1
22751,1
22752,1
22753,0
22754,2
22755,2
22756,2
22757,2
22758,2
22759,0
22760,1
22761,1
22762,0
22763,1
22764,2
22765,2
22766,1
22767,2
22768,0
22769,1
22770,0
22771,1
22772,2
22773,2
22774,0
22775,2
22776,1
22777,2
22778,1
22779,2
22780,1
22781,2
22782,1
22783,1
22784,2
22785,2
22786,2
22787,2
22788,1
22789,2
22790,2
22791,1
22792,2
22793,1
22794,2
22795,1
22796,2
22797,1
22798,0
22799,1
22800,0
22801,0
22802,1
22803,1
22804,0
22805,2
22806,1
22807,0
22808,1
22809,1
22810,2
22811,0
22812,0
22813,0
22814,1
22815,1
22816,1
22817,1
22818,1
22819,2
22820,0
22821,2
22822,2
22823,1
22824,2
22825,1
22826,0
22827,2
22828,2
22829,0
22830,1
22831,0
22832,2
22833,1
22834,1
22835,1
22836,2
22837,1
22838,1
22839,1
22840,0
22841,2
22842,0
22843,1
22844,2
22845,2
22846,2
22847,1
22848,1
22849,2
22850,0
22851,1
22852,0
22853,2
22854,1
22855,1
22856,1
22857,1
22858,2
22859,1
22860,2
22861,1
22862,2
22863,0
22864,0
22865,2
22866,2
22867,2
22868,2
22869,1
22870,1
22871,1
22872,0
22873,1
22874,1
22875,0
22876,0
22877,2
22878,0
22879,1
22880,1
22881,2
22882,2
22883,2
22884,2
22885,2
22886,0
22887,1
22888,2
22889,1
22890,1
22891,1
22892,0
22893,1
22894,2
22895,0
22896,0
22897,2
22898,2
22899,0
22900,1
22901,2
22902,2
22903,2
22904,1
22905,1
22906,0
22907,1
22908,2
22909,1
22910,1
22911,1
22912,1
22913,1
22914,0
22915,1
22916,0
22917,2
22918,1
22919,1
22920,0
22921,0
22922,2
22923,0
22924,1
22925,1
22926,0
22927,1
22928,1
22929,0
22930,1
22931,0
22932,1
22933,1
22934,1
22935,2
22936,2
22937,0
22938,2
22939,1
22940,1
22941,0
22942,1
22943,1
22944,0
22945,1
22946,1
22947,1
22948,1
22949,1
22950,2
22951,0
22952,1
22953,1
22954,0
22955,0
22956,2
22957,2
22958,0
22959,2
22960,1
22961,0
22962,2
22963,1
22964,1
22965,1
22966,0
22967,1
22968,0
22969,0
22970,1
22971,1
22972,1
22973,1
22974,2
22975,0
22976,2
22977,1
22978,2
22979,0
22980,0
22981,1
22982,1
22983,2
22984,0
22985,2
22986,0
22987,1
22988,0
22989,2
22990,1
22991,0
22992,2
22993,0
22994,1
22995,2
22996,2
22997,1
22998,0
22999,1
23000,2
23001,0
23002,0
23003,0
23004,1
23005,1
23006,2
23007,1
23008,0
23009,0
23010,2
23011,2
23012,0
23013,2
23014,1
23015,0
23016,2
23017,1
23018,1
23019,0
23020,2
23021,1
23022,1
23023,1
23024,1
23025,2
23026,1
23027,2
23028,2
23029,1
23030,0
23031,2
23032,1
23033,0
23034,0
23035,1
23036,2
23037,0
23038,0
23039,0
23040,1
23041,2
23042,2
23043,1
23044,2
23045,2
23046,2
23047,1
23048,0
23049,2
23050,1
23051,2
23052,1
23053,1
23054,1
23055,1
23056,1
23057,2
23058,1
23059,2
23060,2
23061,1
23062,1
23063,1
23064,2
23065,0
23066,1
23067,2
23068,1
23069,2
23070,2
23071,2
23072,2
23073,1
23074,1
23075,0
23076,1
23077,0
23078,2
23079,2
23080,1
23081,1
23082,1
23083,0
23084,1
23085,1
23086,1
23087,1
23088,1
23089,2
23090,2
23091,0
23092,2
23093,1
23094,1
23095,0
23096,1
23097,2
23098,1
23099,1
23100,1
23101,0
23102,2
23103,1
23104,0
23105,2
23106,0
23107,0
23108,0
23109,0
23110,1
23111,1
23112,1
23113,0
23114,0
23115,1
23116,2
23117,0
23118,0
23119,0
23120,0
23121,2
23122,2
23123,1
23124,1
23125,0
23126,0
23127,2
23128,1
23129,2
23130,1
23131,2
23132,2
23133,0
23134,1
23135,0
23136,2
23137,0
23138,1
23139,0
23140,2
23141,1
23142,1
23143,2
23144,2
23145,1
23146,1
23147,1
23148,1
23149,1
23150,2
23151,2
23152,2
23153,1
23154,0
23155,2
23156,1
23157,1
23158,2
23159,0
23160,1
23161,1
23162,1
23163,2
23164,0
23165,1
23166,1
23167,0
23168,0
23169,2
23170,2
23171,2
23172,1
23173,1
23174,1
23175,2
23176,0
23177,2
23178,2
23179,1
23180,1
23181,1
23182,0
23183,2
23184,1
23185,2
23186,2
23187,0
23188,2
23189,1
23190,1
23191,0
23192,1
23193,2
23194,0
23195,0
23196,2
23197,1
23198,0
23199,1
23200,1
23201,2
23202,1
23203,1
23204,0
23205,1
23206,1
23207,2
23208,1
23209,2
23210,0
23211,0
23212,2
23213,0
23214,2
23215,2
23216,0
23217,1
23218,1
23219,0
23220,1
23221,1
23222,2
23223,1
23224,2
23225,0
23226,0
23227,1
23228,1
23229,1
23230,2
23231,2
23232,2
23233,1
23234,1
23235,1
23236,0
23237,2
23238,2
23239,2
23240,0
23241,2
23242,1
23243,1
23244,1
23245,0
23246,2
23247,1
23248,1
23249,1
23250,2
23251,2
23252,0
23253,0
23254,1
23255,0
23256,2
23257,2
23258,1
23259,1
23260,1
23261,1
23262,2
23263,1
23264,1
23265,2
23266,1
23267,1
23268,1
23269,1
23270,2
23271,1
23272,2
23273,1
23274,2
23275,1
23276,2
23277,2
23278,2
23279,2
23280,1
23281,2
23282,0
23283,1
23284,1
23285,2
23286,0
23287,2
23288,2
23289,1
23290,2
23291,0
23292,0
23293,2
23294,1
23295,2
23296,2
23297,2
23298,2
23299,2
23300,0
23301,1
23302,1
23303,2
23304,1
23305,0
23306,1
23307,2
23308,1
23309,0
23310,2
23311,0
23312,2
23313,2
23314,0
23315,1
23316,1
23317,2
23318,2
23319,2
23320,1
23321,1
23322,1
23323,2
23324,2
23325,2
23326,2
23327,1
23328,0
23329,0
23330,0
23331,1
23332,1
23333,0
23334,2
23335,1
23336,2
23337,0
23338,2
23339,1
23340,1
23341,2
23342,1
23343,1
23344,1
23345,1
23346,2
23347,2
23348,1
23349,1
23350,0
23351,2
23352,0
23353,1
23354,1
23355,2
23356,2
23357,1
23358,0
23359,2
23360,1
23361,1
23362,2
23363,2
23364,1
23365,0
23366,2
23367,2
23368,2
23369,2
23370,2
23371,1
23372,0
23373,0
23374,2
23375,1
23376,2
23377,2
23378,1
23379,1
23380,0
23381,2
23382,2
23383,0
23384,1
23385,2
23386,2
23387,2
23388,1
23389,0
23390,0
23391,0
23392,2
23393,1
23394,1
23395,1
23396,0
23397,1
23398,2
23399,0
23400,1
23401,1
23402,0
23403,1
23404,1
23405,0
23406,0
23407,1
23408,1
23409,0
23410,0
23411,2
23412,2
23413,0
23414,0
23415,2
23416,2
23417,1
23418,0
23419,1
23420,0
23421,2
23422,2
23423,1
23424,2
23425,2
23426,0
23427,2
23428,2
23429,2
23430,2
23431,1
23432,1
23433,2
23434,1
23435,1
23436,2
23437,2
23438,2
23439,0
23440,1
23441,1
23442,2
23443,2
23444,1
23445,1
23446,0
23447,1
23448,1
23449,2
23450,0
23451,1
23452,1
23453,2
23454,0
23455,1
23456,0
23457,2
23458,0
23459,2
23460,1
23461,1
23462,2
23463,2
23464,0
23465,1
23466,2
23467,0
23468,0
23469,0
23470,0
23471,1
23472,2
23473,1
23474,1
23475,0
23476,0
23477,2
23478,0
